delta_v (RPM),w (rad/s),v_x (m/s)
0,0,0
0,0,0
0,0,0
0,0,0
0,0,0
0,0,0
0,0,0
0,0,0
0,0,0
0,0,0
0,0,0
0,0,0
0,0,0
0,0,0
0,0,0
0,0,0
0,0,0
0,0,0
0,0,0
0,0,0
0,0,0
0,0,0
0,0,0
0,0,0
0,0,0
0,0,0
0,0,0
0,0,0
0,0,0
0,0,0
0,0,0
0,0,0
0,0,0
0,0,0
0,0,0
0,0,0
0,0,0
0,0,0
0,0,0
0,0,0
0,0,0
0,0,0
0,0,0
0,0,0
0,0,0
0,0,0
0,0,0
0,0,0
0,0,0
0,0,0
0,0,0
0,0,0
0,0,0
0,0,0
0,0,0
0,0,0
0,0,0
0,0,0
0,0,0
0,0,0
0,0,0
0,0,0
0,0,0
0,0,0
0,0,0
0,0,0
0,0,0
0,0,0
0,0,0
0,0,0
0,0,0
0,0,0
0,0,0
0,0,0
0,0,0
0.055,0.0010472,0
0.00916667,0.000174533,0.0149261
0.375833,0.00715585,0.0170584
0.6875,0.01309,0.0234553
0,0,0.0255876
0.77,-0.0146608,0.0298522
1.98,0.0376991,0.0298522
0.935,-0.0178024,0.0277199
1.22833,-0.0233874,0.0341168
2.18167,0.0415388,0.0298522
0.715,-0.0136136,0.0298522
1.155,-0.0219911,0.0341168
2.15417,0.0410152,0.0319845
1.53083,-0.029147,0.0341168
0.595833,0.0113446,0.0383814
0.916667,-0.0174533,0.0319845
0.1925,0.00366519,0.0362491
2.38333,0.0453786,0.0319845
1.49417,-0.0284489,0.0319845
0.623333,0.0118682,0.0383814
0.339167,0.00645772,0.0319845
1.41167,-0.0268781,0.0405137
2.76833,0.0527089,0.0362491
2.2825,-0.0434587,0.0383814
0.559167,0.0106465,0.0405137
1.045,-0.0198968,0.0383814
0.999167,-0.0190241,0.042646
1.47583,0.0280998,0.0405137
0.751667,-0.0143117,0.0405137
1.54917,0.0294961,0.0362491
2.23667,-0.042586,0.0341168
0.495,0.00942478,0.0405137
0.476667,0.00907571,0.0405137
0.2475,0.00471239,0.0447783
1.77833,0.0338594,0.042646
0.669167,-0.0127409,0.042646
1.52167,0.0289725,0.0469106
0.650833,-0.0123918,0.042646
1.52167,0.0289725,0.042646
0.935,-0.0178024,0.0383814
1.7325,0.0329867,0.0447783
1.43,-0.0272271,0.0383814
0.889167,0.0169297,0.0447783
0.476667,-0.00907571,0.0362491
0.33,-0.00628319,0.0469106
0.531667,0.0101229,0.042646
1.22833,-0.0233874,0.0447783
2.5575,0.0486947,0.0469106
0.201667,-0.00383972,0.049043
2.0625,0.0392699,0.042646
0.055,-0.0010472,0.0469106
1.595,0.0303687,0.0469106
1.595,0.0303687,0.0469106
0.366667,-0.00698132,0.0511753
0.174167,-0.00331613,0.0554399
0.265833,0.00506145,0.0511753
0.449167,-0.00855211,0.049043
0.0916667,-0.00174533,0.049043
1.8425,0.0350811,0.0405137
1.90667,-0.0363028,0.0405137
1.90667,-0.0363028,0.0405137
1.69583,-0.0322886,0.0447783
1.375,0.0261799,0.0405137
1.88833,-0.0359538,0.0405137
1.88833,-0.0359538,0.0405137
2.16333,-0.0411898,0.042646
2.41083,0.0459022,0.0405137
1.68667,-0.0321141,0.0447783
2.31,0.0439823,0.0405137
1.79667,-0.0342085,0.0469106
1.79667,-0.0342085,0.0469106
1.6775,-0.0319395,0.0533076
2.59417,0.0493928,0.0469106
1.87,-0.0356047,0.049043
0.1375,-0.00261799,0.0469106
0.119167,-0.00226893,0.0533076
0.119167,-0.00226893,0.0533076
1.13667,-0.0216421,0.0511753
0.935,-0.0178024,0.0511753
0.1925,-0.00366519,0.0533076
1.8975,-0.0361283,0.0511753
1.86083,0.0354302,0.0533076
1.6775,-0.0319395,0.0405137
2.48417,0.0472984,0.0234553
0.99,-0.0188496,-0.0021323
0.605,0.0115192,0.0021323
0.1925,0.00366519,0.0149261
6.50833,0.123918,0.0319845
12.5767,0.239459,0.0298522
12.65,0.240855,0.0298522
9.05667,0.172439,0.0298522
14.2817,0.271922,0.0298522
10.835,0.206298,0.0319845
10.6975,0.20368,0.0319845
13.1817,0.250978,0.0298522
9.79917,0.186576,0.0341168
11.5042,0.219039,0.0341168
16.0783,0.306131,0.0319845
10.3033,0.196175,0.0362491
13.2367,0.252026,0.0362491
13.3925,0.254993,0.0341168
9.45083,0.179943,0.0341168
15.2258,0.289899,0.0277199
13.5117,0.257262,0.0362491
11.9992,0.228464,0.0362491
12.5308,0.238587,0.0341168
13.2183,0.251676,0.0362491
3.41917,0.0651008,0.0341168
2.53917,0.0483456,0.0405137
1.22833,0.0233874,0.0341168
0.3575,-0.00680678,0.0362491
0.4125,0.00785398,0.0362491
0.815833,0.0155334,0.0362491
1.65917,-0.0315905,0.0405137
1.9525,0.0371755,0.042646
0.5225,0.00994838,0.0383814
1.6225,0.0308923,0.0383814
1.72333,0.0328122,0.0405137
1.0725,0.0204204,0.0447783
3.06167,0.058294,0.0405137
0.806667,-0.0153589,0.0447783
2.46583,0.0469494,0.042646
0.623333,-0.0118682,0.0447783
2.51167,0.047822,0.042646
1.43917,-0.0274017,0.0469106
2.65833,0.0506145,0.0405137
3.61167,0.068766,0.049043
9.74417,0.185528,0.042646
16.5917,0.315905,0.0405137
11.1192,0.211708,0.0469106
12.595,0.239808,0.042646
14.4008,0.274191,0.0469106
13.6125,0.259181,0.042646
10.7067,0.203854,0.0447783
7.59917,0.144688,0.0405137
7.27833,0.138579,0.049043
1.65,-0.0314159,0.042646
0.256667,-0.00488692,0.0469106
0.6875,0.01309,0.0533076
0.6875,0.01309,0.0533076
0.559167,-0.0106465,0.0533076
0.348333,0.00663225,0.0469106
0.174167,0.00331613,0.0554399
0.999167,0.0190241,0.049043
0.0641667,0.00122173,0.0533076
0.779167,-0.0148353,0.0447783
0.779167,-0.0148353,0.0447783
0.495,0.00942478,0.042646
0.11,0.0020944,0.049043
0.201667,0.00383972,0.0405137
0.99,0.0188496,0.049043
0.9075,0.0172788,0.042646
0.540833,0.0102974,0.0533076
0.485833,0.00925025,0.049043
0.210833,-0.00401426,0.0533076
0.760833,0.0144862,0.0511753
1.5125,0.0287979,0.0511753
14.0525,0.267559,0.0533076
16.4267,0.312763,0.042646
12.0908,0.230209,0.049043
10.3858,0.197746,0.042646
6.41667,0.122173,0.0234553
0.99,0.0188496,0.042646
0.0825,0.0015708,0.0618368
1.8425,0.0350811,0.0511753
1.98917,-0.0378736,0.0511753
3.245,0.0617847,0.0469106
2.57583,-0.0490438,0.0511753
2.90583,0.0553269,0.0469106
0.201667,0.00383972,0.0575722
2.19083,0.0417134,0.049043
1.82417,0.0347321,0.0533076
2.26417,-0.0431096,0.0511753
1.76,0.0335103,0.049043
1.815,-0.0345575,0.0575722
2.915,0.0555015,0.0533076
0.834167,0.0158825,0.0533076
0.605,-0.0115192,0.049043
1.43,0.0272271,0.0533076
0.935,-0.0178024,0.0533076
0.9625,0.018326,0.0469106
0.485833,0.00925025,0.0554399
0.476667,0.00907571,0.0533076
0.788333,0.0150098,0.0511753
0.33,0.00628319,0.049043
0.916667,0.0174533,0.0597045
0.44,0.00837758,0.0533076
0.650833,0.0123918,0.049043
1.1275,0.0214675,0.0554399
0.2475,-0.00471239,0.0554399
1.815,0.0345575,0.0554399
0.8525,0.0162316,0.0511753
0.284167,-0.00541052,0.0533076
0.586667,0.0111701,0.0554399
1.58583,0.0301942,0.0533076
5.81167,0.110654,0.0511753
6.47167,0.12322,0.049043
13.9058,0.264766,0.0554399
12.6225,0.240332,0.0533076
10.56,0.201062,0.0639691
11.9167,0.226893,0.0533076
15.5833,0.296706,0.0554399
8.61667,0.164061,0.049043
11.385,0.21677,0.0554399
9.8175,0.186925,0.0469106
7.6725,0.146084,0.0533076
0.825,-0.015708,0.0511753
0.825,-0.015708,0.0511753
3.52917,0.0671952,0.0575722
1.8425,0.0350811,0.0533076
4.07917,0.0776672,0.0511753
3.74917,-0.071384,0.0533076
3.74917,-0.071384,0.0533076
3.37333,0.0642281,0.0554399
1.57667,-0.0300197,0.0554399
2.13583,0.0406662,0.0575722
1.25583,-0.023911,0.0554399
1.50333,0.0286234,0.0533076
0.806667,0.0153589,0.0597045
2.86917,-0.0546288,0.0554399
0.5225,-0.00994838,0.0575722
0.458333,0.00872665,0.0554399
1.25583,-0.023911,0.0533076
1.53083,0.029147,0.0533076
1.21917,-0.0232129,0.0575722
0.944167,0.0179769,0.0554399
1.65917,0.0315905,0.0618368
1.65917,0.0315905,0.0618368
0.495,0.00942478,0.0575722
0.1925,-0.00366519,0.0575722
0.201667,0.00383972,0.0575722
0.669167,0.0127409,0.0597045
4.9225,0.0937242,0.0575722
7.29667,0.138928,0.0597045
14.9967,0.285536,0.0554399
10.9267,0.208043,0.0618368
12.1092,0.230558,0.049043
11.4492,0.217992,0.0682337
6.765,0.128805,0.0682337
2.08083,-0.039619,0.0597045
1.375,0.0261799,0.0618368
2.2275,0.0424115,0.0618368
2.3375,-0.0445059,0.042646
3.01583,0.0574213,0.0533076
1.045,0.0198968,0.0575722
2.04417,-0.0389208,0.0554399
3.245,0.0617847,0.0511753
1.88833,-0.0359538,0.0533076
3.29083,0.0626573,0.0533076
1.38417,-0.0263545,0.0554399
3.84083,-0.0731293,0.0554399
4.32667,0.0823795,0.0554399
1.7875,0.0340339,0.0554399
3.245,-0.0617847,0.0597045
3.22667,0.0614356,0.0618368
2.46583,-0.0469494,0.0618368
1.16417,0.0221657,0.0554399
0.825,0.015708,0.0511753
3.62083,-0.0689405,0.0234553
0.586667,-0.0111701,0
0.275,-0.00523599,0
2.0075,-0.0382227,0
0.155833,0.00296706,0.0319845
0.669167,-0.0127409,0.0341168
1.75083,0.0333358,0.0341168
0.146667,-0.00279253,0.0319845
0.843333,-0.016057,0.0319845
1.87,0.0356047,0.0298522
0.238333,0.00453786,0.0319845
1.65917,-0.0315905,0.0383814
1.2925,-0.0246091,0.0319845
0.641667,0.0122173,0.0319845
0.916667,0.0174533,0.0341168
2.26417,-0.0431096,0.0319845
0.806667,-0.0153589,0.0383814
3.19917,0.060912,0.0362491
0.055,-0.0010472,0.0319845
0.0825,-0.0015708,0.0383814
2.12667,0.0404916,0.0405137
0.944167,-0.0179769,0.0405137
1.77833,0.0338594,0.0383814
1.10917,-0.0211185,0.0383814
0.595833,0.0113446,0.0383814
1.35667,-0.0258309,0.0341168
1.35667,-0.0258309,0.0341168
0.623333,-0.0118682,0.0362491
1.7875,-0.0340339,0.0447783
2.57583,0.0490438,0.0447783
2.27333,-0.0432842,0.0383814
0.385,0.00733038,0.0405137
0.944167,0.0179769,0.0362491
0.5775,0.0109956,0.042646
2.95167,0.0561996,0.0405137
0.174167,0.00331613,0.0405137
3.41,0.0649262,0.0341168
1.4025,-0.0267035,0.042646
2.93333,0.0558505,0.0383814
0.284167,-0.00541052,0.0447783
2.92417,0.055676,0.0447783
2.92417,0.055676,0.0447783
1.79667,0.0342085,0.0405137
2.02583,-0.0385718,0.0405137
0.44,-0.00837758,0.049043
1.8975,-0.0361283,0.0383814
0.559167,0.0106465,0.042646
1.61333,-0.0307178,0.0383814
0.88,0.0167552,0.042646
1.41167,-0.0268781,0.0405137
0.128333,-0.00244346,0.042646
0.476667,-0.00907571,0.0405137
0,0,0.0469106
0.5225,-0.00994838,0.0447783
0.0183333,0.000349066,0.0469106
0.605,-0.0115192,0.0405137
0.403333,0.00767945,0.049043
0.889167,-0.0169297,0.042646
2.45667,0.0467748,0.049043
0.669167,-0.0127409,0.049043
1.2925,0.0246091,0.049043
1.63167,-0.0310669,0.049043
1.5675,0.0298451,0.042646
2.4475,0.0466003,0.0469106
12.705,0.241903,0.049043
9.91833,0.188845,0.0447783
4.77583,0.0909317,0.042646
2.1725,0.0413643,0.0511753
4.63833,0.0883137,0.0533076
3.51083,-0.0668461,0.0469106
4.07,0.0774926,0.049043
3.0525,-0.0581195,0.0533076
4.68417,0.0891863,0.0383814
2.52083,-0.0479966,0.0469106
2.29167,-0.0436332,0.0511753
0.650833,0.0123918,0.0533076
0.495,0.00942478,0.049043
3.86833,0.0736529,0.0533076
2.86,-0.0544543,0.0511753
2.3925,0.0455531,0.0533076
3.96,-0.0753982,0.049043
4.9775,0.0947714,0.0469106
4.33583,-0.0825541,0.0533076
1.705,0.0324631,0.049043
0.861667,-0.0164061,0.049043
0.614167,0.0116937,0.0469106
4.62917,0.0881391,0.049043
2.87833,-0.0548033,0.049043
4.08833,0.0778417,0.0533076
4.00583,-0.0762709,0.0533076
3.96917,0.0755728,0.049043
2.67667,-0.0509636,0.0533076
0.678333,-0.0129154,0.0533076
2.21833,-0.042237,0.0533076
3.70333,-0.0705113,0.0533076
3.96,0.0753982,0.049043
4.17083,-0.0794125,0.0533076
4.02417,0.07662,0.049043
1.76,-0.0335103,0.0447783
2.89667,0.0551524,0.049043
0.9075,0.0172788,0.0554399
3.50167,-0.0666716,0.0533076
2.64,0.0502655,0.0533076
2.76833,-0.0527089,0.049043
3.44667,0.0656244,0.0554399
1.80583,-0.034383,0.0533076
3.96917,0.0755728,0.0554399
3.08,0.0586431,0.0511753
1.41167,-0.0268781,0.0554399
3.70333,0.0705113,0.0554399
3.25417,-0.0619592,0.0554399
0.7975,-0.0151844,0.0533076
2.8325,0.0539307,0.0533076
2.3925,-0.0455531,0.0554399
2.98833,0.0568977,0.0469106
3.80417,-0.0724312,0.0554399
3.905,0.074351,0.0533076
3.66667,-0.0698132,0.0554399
3.7675,-0.071733,0.0597045
2.34667,0.0446804,0.0597045
4.83083,-0.0919789,0.0618368
2.97,0.0565487,0.0533076
3.2175,-0.0612611,0.0533076
4.05167,-0.0771436,0.0575722
2.2275,0.0424115,0.0575722
0.861667,-0.0164061,0.0554399
4.38167,0.0834267,0.0533076
1.815,-0.0345575,0.0554399
1.265,-0.0240855,0.0597045
0.715,0.0136136,0.0533076
3.62083,-0.0689405,0.0554399
4.33583,0.0825541,0.0511753
2.54833,0.0485202,0.0554399
2.9975,-0.0570723,0.0554399
3.15333,0.0600393,0.0554399
2.92417,-0.055676,0.0554399
1.71417,-0.0326377,0.0575722
1.375,-0.0261799,0.0575722
4.44583,-0.0846485,0.0533076
3.26333,0.0621337,0.0511753
4.675,-0.0890118,0.0575722
2.26417,-0.0431096,0.0575722
2.23667,0.042586,0.0575722
3.85917,-0.0734784,0.0575722
2.40167,0.0457276,0.0533076
0.953333,0.0181514,0.0575722
3.95083,-0.0752237,0.0554399
2.73167,0.0520108,0.0575722
2.31,-0.0439823,0.0533076
5.68333,0.10821,0.0554399
0.66,0.0125664,0.0554399
2.57583,-0.0490438,0.0554399
3.85,0.0733038,0.0511753
2.12667,-0.0404916,0.0554399
2.26417,-0.0431096,0.0597045
1.265,0.0240855,0.0554399
3.11667,-0.0593412,0.0575722
2.71333,0.0516617,0.0575722
2.71333,0.0516617,0.0575722
1.65917,0.0315905,0.0511753
3.92333,0.0747001,0.0597045
2.79583,-0.0532325,0.0554399
0.806667,-0.0153589,0.0618368
0.2475,0.00471239,0.0575722
3.75833,-0.0715585,0.0597045
3.75833,-0.0715585,0.0597045
2.41083,-0.0459022,0.0554399
2.97,-0.0565487,0.0618368
3.2175,0.0612611,0.0533076
3.56583,-0.0678933,0.0597045
0.861667,0.0164061,0.0597045
4.14333,0.0788889,0.0554399
3.52917,-0.0671952,0.0597045
2.23667,-0.042586,0.0639691
0.623333,-0.0118682,0.0511753
3.135,-0.0596903,0.0597045
0.6875,0.01309,0.0554399
0.6875,0.01309,0.0554399
0.788333,-0.0150098,0.0639691
4.4,0.0837758,0.0533076
2.20917,-0.0420624,0.0575722
2.7775,-0.0528835,0.0597045
3.96917,0.0755728,0.0575722
3.80417,-0.0724312,0.0597045
1.22833,0.0233874,0.0533076
1.7325,0.0329867,0.0597045
1.7325,0.0329867,0.0597045
3.7675,-0.071733,0.0597045
3.9325,-0.0748746,0.0575722
2.79583,-0.0532325,0.0618368
2.13583,0.0406662,0.0597045
2.805,-0.0534071,0.0575722
2.54833,0.0485202,0.0533076
0.339167,-0.00645772,0.0597045
3.61167,-0.068766,0.0575722
2.53917,0.0483456,0.0554399
4.16167,0.0792379,0.0597045
3.03417,-0.0577704,0.0639691
3.03417,-0.0577704,0.0639691
3.72167,-0.0708604,0.0597045
3.77667,0.0719076,0.0554399
1.6775,0.0319395,0.0597045
2.8875,-0.0549779,0.0639691
0.128333,-0.00244346,0.0597045
2.96083,-0.0563741,0.0575722
2.96083,-0.0563741,0.0682337
1.87917,0.0357792,0.0554399
2.1725,0.0413643,0.0597045
3.11667,-0.0593412,0.0661014
2.9975,0.0570723,0.0554399
0.320833,-0.00610865,0.0575722
0.320833,-0.00610865,0.0575722
2.51167,0.047822,0.0597045
1.80583,-0.034383,0.0618368
1.155,0.0219911,0.0575722
3.4375,0.0654498,0.0575722
4.19833,-0.0799361,0.0597045
2.37417,0.045204,0.0554399
3.245,0.0617847,0.0618368
3.3,-0.0628319,0.0597045
3.355,0.0638791,0.0575722
1.46667,0.0279253,0.0618368
2.1175,-0.0403171,0.0661014
4.02417,0.07662,0.0554399
0.8525,-0.0162316,0.0575722
0.614167,0.0116937,0.0575722
1.1275,-0.0214675,0.0597045
0.476667,-0.00907571,0.0533076
1.55833,0.0296706,0.0682337
4.29917,0.0818559,0.0597045
2.13583,-0.0406662,0.0597045
3.48333,0.0663225,0.0554399
1.4575,0.0277507,0.0618368
2.79583,-0.0532325,0.0597045
3.7675,0.071733,0.0554399
3.94167,-0.0750492,0.0597045
2.9975,0.0570723,0.0575722
1.27417,0.0242601,0.0597045
2.26417,-0.0431096,0.0618368
2.08083,0.039619,0.0575722
0.430833,-0.00820305,0.0618368
2.04417,-0.0389208,0.0575722
0.055,0.0010472,0.0597045
0.751667,-0.0143117,0.0575722
1.0175,-0.0193732,0.0597045
1.87917,0.0357792,0.0533076
2.2825,-0.0434587,0.0554399
0.916667,0.0174533,0.0554399
4.17083,0.0794125,0.0575722
2.95167,-0.0561996,0.0575722
1.33833,-0.0254818,0.0575722
3.56583,0.0678933,0.0597045
2.74083,-0.0521853,0.0597045
4.16167,0.0792379,0.0554399
3.00667,0.0572468,0.0554399
2.43833,-0.0464258,0.0661014
1.08167,0.0205949,0.0575722
1.99833,0.0380482,0.0575722
1.85167,-0.0352557,0.0639691
3.18083,0.0605629,0.0533076
0.5775,-0.0109956,0.0554399
4.35417,-0.0829031,0.0597045
3.45583,0.0657989,0.0533076
2.07167,-0.0394444,0.0575722
1.595,0.0303687,0.0575722
1.43,-0.0272271,0.0533076
3.66667,-0.0698132,0.0597045
4.0425,0.076969,0.0533076
2.38333,0.0453786,0.0597045
2.38333,-0.0453786,0.0618368
4.49167,0.0855211,0.0618368
0.513333,0.00977384,0.0575722
0.513333,0.00977384,0.0575722
4.03333,0.0767945,0.0639691
3.00667,-0.0572468,0.0661014
1.06333,-0.0202458,0.0597045
2.09,0.0397935,0.0597045
3.09833,-0.0589921,0.0639691
0.055,-0.0010472,0.0618368
1.49417,0.0284489,0.0575722
2.42,-0.0460767,0.0575722
2.01667,0.0383972,0.0575722
0.348333,-0.00663225,0.0575722
0.421667,0.00802851,0.0597045
3.72167,0.0708604,0.0554399
2.89667,-0.0551524,0.0575722
2.5025,0.0476475,0.0533076
0.284167,0.00541052,0.0597045
0.861667,0.0164061,0.0597045
2.2275,-0.0424115,0.0597045
2.16333,0.0411898,0.0597045
2.09917,-0.039968,0.0554399
2.05333,-0.0390954,0.0597045
2.02583,0.0385718,0.0618368
3.92333,-0.0747001,0.0597045
0.678333,-0.0129154,0.0618368
0.88,0.0167552,0.0597045
4.32667,-0.0823795,0.0618368
1.1275,0.0214675,0.0597045
0.641667,-0.0122173,0.0597045
1.11833,0.021293,0.0575722
4.565,0.0869174,0.0618368
0.559167,0.0106465,0.0554399
2.54833,0.0485202,0.0575722
4.3175,0.082205,0.0597045
3.58417,-0.0682424,0.0511753
1.75083,-0.0333358,0.0639691
2.75,0.0523599,0.0639691
2.86,-0.0544543,0.0554399
1.68667,-0.0321141,0.0639691
1.32,0.0251327,0.0618368
1.50333,-0.0286234,0.0554399
3.72167,0.0708604,0.0575722
0.650833,-0.0123918,0.0618368
3.355,-0.0638791,0.0618368
3.30917,0.0630064,0.0618368
2.10833,0.0401426,0.0575722
2.74083,-0.0521853,0.0639691
1.4025,0.0267035,0.0554399
1.16417,0.0221657,0.0597045
1.16417,0.0221657,0.0597045
2.64917,0.05044,0.0575722
4.3725,-0.0832522,0.0575722
0.183333,0.00349066,0.0533076
0.0825,0.0015708,0.0554399
0.348333,0.00663225,0.0191907
10.3492,0.197048,0.0149261
7.98417,0.152018,0.0127938
7.21417,0.137357,0.0170584
10.1108,0.19251,0.0170584
9.82667,0.187099,0.0298522
7.6725,0.146084,0.042646
6.74667,0.128456,0.0575722
1.22833,-0.0233874,0.042646
7.425,0.141372,0.0447783
4.17083,0.0794125,0.0447783
1.5675,0.0298451,0.0469106
6.56333,0.124966,0.049043
1.11833,0.021293,0.049043
5.98583,0.11397,0.0447783
4.7025,0.0895354,0.0469106
2.32833,0.0443314,0.0469106
5.6925,0.108385,0.0511753
2.32833,0.0443314,0.0511753
3.3,0.0628319,0.0447783
5.64667,0.107512,0.049043
0.3575,-0.00680678,0.0469106
6.27,0.119381,0.0447783
2.13583,0.0406662,0.0511753
2.89667,0.0551524,0.0469106
5.24333,0.0998328,0.0511753
3.47417,0.066148,0.049043
5.38083,0.102451,0.0511753
5.5,0.10472,0.0469106
1.42083,0.0270526,0.0511753
2.48417,0.0472984,0.049043
5.48167,0.104371,0.0554399
0,0,0.0511753
6.215,0.118333,0.049043
0.825,-0.015708,0.0511753
3.95083,0.0752237,0.049043
3.09833,0.0589921,0.0533076
2.86,0.0544543,0.0533076
4.52833,0.0862193,0.0511753
4.25333,0.0809833,0.049043
1.66833,0.031765,0.049043
6.55417,0.124791,0.0511753
0.0275,-0.000523599,0.0511753
1.2375,0.0235619,0.0511753
3.75833,0.0715585,0.0597045
1.83333,0.0349066,0.0533076
0.284167,-0.00541052,0.0575722
5.61,0.106814,0.0511753
0.165,0.00314159,0.0575722
4.76667,0.0907571,0.049043
1.24667,0.0237365,0.0554399
2.02583,0.0385718,0.0533076
5.46333,0.104022,0.0682337
1.5675,0.0298451,0.0554399
0.7425,0.0141372,0.0618368
4.44583,0.0846485,0.0447783
0.4125,-0.00785398,0.0533076
0.0183333,-0.000349066,0.0511753
2.53917,0.0483456,0.0511753
0.0825,0.0015708,0.0511753
5.26167,0.100182,0.0554399
1.74167,0.0331613,0.0533076
1.0175,-0.0193732,0.0533076
2.86917,0.0546288,0.0554399
1.27417,0.0242601,0.0533076
0.055,0.0010472,0.0554399
4.11583,0.0783653,0.0533076
2.0075,0.0382227,0.0575722
0.8525,0.0162316,0.0511753
2.75,0.0523599,0.0533076
1.28333,0.0244346,0.0554399
0.0458333,-0.000872665,0.0533076
3.52,0.0670206,0.0533076
1.14583,0.0218166,0.0575722
0.165,-0.00314159,0.0554399
5.04167,0.0959931,0.0511753
0.696667,-0.0132645,0.0575722
1.06333,0.0202458,0.0554399
1.57667,0.0300197,0.0554399
0.33,0.00628319,0.0575722
1.03583,0.0197222,0.0575722
2.19083,0.0417134,0.0575722
0.293333,0.00558505,0.0533076
4.25333,0.0809833,0.0554399
3.94167,0.0750492,0.0554399
1.63167,-0.0310669,0.0597045
3.5475,0.0675442,0.0533076
0.100833,0.00191986,0.0575722
0.0733333,0.00139626,0.0554399
1.8425,0.0350811,0.0597045
1.03583,0.0197222,0.0597045
1.0725,0.0204204,0.0554399
2.585,0.0492183,0.0597045
0.678333,0.0129154,0.0554399
0.3575,-0.00680678,0.0575722
3.2175,0.0612611,0.0575722
2.1725,0.0413643,0.0575722
2.2825,0.0434587,0.0597045
3.56583,0.0678933,0.0533076
0.705833,-0.013439,0.0533076
3.62083,0.0689405,0.0533076
2.8325,0.0539307,0.0554399
2.8325,0.0539307,0.0554399
3.69417,0.0703368,0.0533076
1.06333,0.0202458,0.0597045
1.06333,0.0202458,0.0597045
1.57667,0.0300197,0.0575722
1.54917,0.0294961,0.0575722
1.65917,0.0315905,0.0597045
2.98833,0.0568977,0.0575722
3.4375,0.0654498,0.0533076
0.0275,-0.000523599,0.0554399
2.64917,0.05044,0.0597045
4.2075,0.0801106,0.0597045
2.29167,-0.0436332,0.0597045
3.34583,0.0637045,0.0533076
2.035,0.0387463,0.0575722
1.43917,-0.0274017,0.0597045
1.68667,0.0321141,0.0554399
1.16417,-0.0221657,0.0597045
0.0183333,-0.000349066,0.0597045
1.57667,0.0300197,0.0575722
0.256667,0.00488692,0.0575722
1.11833,0.021293,0.0554399
0.3575,0.00680678,0.0575722
1.2925,0.0246091,0.0575722
0.265833,0.00506145,0.0575722
0.889167,-0.0169297,0.0597045
0.100833,0.00191986,0.0554399
1.55833,-0.0296706,0.0597045
4.33583,0.0825541,0.0575722
2.3375,0.0445059,0.0575722
0.88,-0.0167552,0.0618368
3.83167,0.0729548,0.0575722
1.485,0.0282743,0.0575722
1.13667,0.0216421,0.0618368
1.5125,0.0287979,0.0597045
1.6225,-0.0308923,0.0597045
0.311667,-0.00593412,0.0597045
1.08167,-0.0205949,0.0618368
1.08167,-0.0205949,0.0618368
1.5125,0.0287979,0.0234553
0.861667,-0.0164061,-0.0021323
1.1275,0.0214675,0
0.485833,-0.00925025,0
0,0,0
0,0,0
0,0,0
0,0,0
0.0825,-0.0015708,0
0.229167,-0.00436332,0.00639691
0.146667,-0.00279253,0.0298522
0.495,0.00942478,0.0127938
3.30917,-0.0630064,0.0021323
0.476667,-0.00907571,0.00639691
2.53,-0.0481711,-0.0042646
2.86917,-0.0546288,0
2.65833,-0.0506145,0.00639691
0.119167,-0.00226893,0
0.0733333,0.00139626,0
0.375833,0.00715585,0
0.22,-0.00418879,0
0.055,0.0010472,0
3.39167,-0.0645772,0.0021323
3.355,-0.0638791,0
3.7125,-0.0706858,0.00639691
1.64083,-0.0312414,0.0021323
2.365,-0.0450295,0
2.70417,-0.0514872,0.0042646
2.70417,-0.0514872,0.0042646
2.38333,-0.0453786,0.0021323
2.035,-0.0387463,0.0042646
4.95917,-0.0944223,0.0021323
4.95917,-0.0944223,0.0021323
6.60917,-0.125838,0.00639691
6.16,-0.117286,0.0042646
3.20833,-0.0610865,0.0021323
5.21583,-0.0993092,0.0042646
2.90583,-0.0553269,0.0021323
4.30833,-0.0820305,0.0021323
5.09667,-0.0970403,0
7.03083,-0.133867,0.00639691
4.5375,-0.0863938,0.0021323
6.17833,-0.117635,0.0021323
7.36083,-0.14015,-0.0021323
4.8125,-0.0916298,0.0127938
4.99583,-0.0951204,0.0191907
2.2275,-0.0424115,0.0255876
2.60333,0.0495674,0.0298522
3.03417,-0.0577704,0.0298522
1.3475,0.0256563,0.0341168
1.96167,-0.03735,0.0362491
0.128333,-0.00244346,0.0362491
0.11,-0.0020944,0.0383814
1.03583,-0.0197222,0.0341168
0.669167,-0.0127409,0.0405137
0.256667,-0.00488692,0.0447783
0.0825,0.0015708,0.0383814
0.953333,-0.0181514,0.0383814
0.0641667,0.00122173,0.0405137
0.128333,-0.00244346,0.0469106
0.155833,-0.00296706,0.042646
0.2475,-0.00471239,0.049043
0.2475,-0.00471239,0.0405137
1.36583,-0.0260054,0.042646
1.65917,0.0315905,0.042646
2.7775,-0.0528835,0.0383814
2.4475,0.0466003,0.042646
0.394167,0.00750492,0.0405137
1.6775,0.0319395,0.042646
2.8875,-0.0549779,0.0405137
1.9525,0.0371755,0.0447783
1.1275,-0.0214675,0.0511753
2.48417,-0.0472984,0.042646
2.29167,-0.0436332,0.049043
0.760833,0.0144862,0.042646
0.678333,-0.0129154,0.0447783
1.24667,0.0237365,0.042646
0.9625,-0.018326,0.0469106
1.44833,0.0275762,0.0447783
1.44833,0.0275762,0.0447783
0.66,0.0125664,0.0447783
1.87,-0.0356047,0.049043
1.06333,0.0202458,0.0447783
0.7425,-0.0141372,0.0511753
1.2925,0.0246091,0.049043
0.806667,-0.0153589,0.0554399
0.0366667,0.000698132,0.0447783
0.0366667,0.000698132,0.0447783
0.650833,0.0123918,0.049043
0.678333,-0.0129154,0.049043
0.256667,0.00488692,0.0469106
1.0175,-0.0193732,0.0469106
0.146667,0.00279253,0.049043
0.311667,0.00593412,0.049043
0.339167,-0.00645772,0.049043
0.210833,0.00401426,0.0469106
0.100833,0.00191986,0.0533076
0.265833,0.00506145,0.0447783
0.1925,-0.00366519,0.0511753
0.495,0.00942478,0.0511753
2.0625,-0.0392699,0.0511753
0.971667,0.0185005,0.0533076
0.183333,-0.00349066,0.0533076
2.85083,-0.0542797,0.049043
3.0525,0.0581195,0.0511753
3.025,-0.0575959,0.049043
2.64,0.0502655,0.049043
2.53,-0.0481711,0.0533076
3.3825,0.0644026,0.0511753
2.5575,-0.0486947,0.049043
2.12667,0.0404916,0.0511753
2.16333,0.0411898,0.0533076
2.45667,-0.0467748,0.0575722
2.45667,-0.0467748,0.0575722
3.97833,-0.0757473,0.0511753
3.64833,0.0694641,0.0469106
1.36583,-0.0260054,0.049043
2.24583,0.0427606,0.0469106
0.760833,-0.0144862,0.0511753
0.66,0.0125664,0.0511753
1.7325,0.0329867,0.049043
1.72333,-0.0328122,0.0554399
1.44833,0.0275762,0.0511753
0.623333,-0.0118682,0.0511753
0.944167,0.0179769,0.0554399
0.825,0.015708,0.0511753
1.0175,-0.0193732,0.0533076
0.0733333,0.00139626,0.0575722
0.449167,-0.00855211,0.0554399
0.449167,-0.00855211,0.0554399
0.256667,-0.00488692,0.0533076
0.375833,-0.00715585,0.0554399
0.210833,-0.00401426,0.0511753
0.430833,-0.00820305,0.0575722
0.3575,-0.00680678,0.0533076
1.00833,0.0191986,0.049043
1.31083,-0.0249582,0.0533076
1.4575,0.0277507,0.0511753
1.96167,-0.03735,0.0533076
0.595833,-0.0113446,0.0554399
0.0275,0.000523599,0.0533076
1.87,-0.0356047,0.0533076
2.56667,0.0488692,0.0554399
2.30083,-0.0438078,0.0511753
2.2825,-0.0434587,0.0597045
2.49333,-0.047473,0.0533076
2.97917,-0.0567232,0.0511753
0.898333,0.0171042,0.0554399
1.6225,-0.0308923,0.0511753
1.60417,0.0305433,0.0554399
2.09,0.0397935,0.0575722
2.09,0.0397935,0.0575722
2.805,0.0534071,0.0575722
4.07,-0.0774926,0.0554399
2.09917,0.039968,0.0533076
0.889167,-0.0169297,0.0533076
0.6325,0.0120428,0.0554399
2.81417,0.0535816,0.0554399
3.85917,-0.0734784,0.0405137
0.944167,-0.0179769,0.0170584
8.40583,-0.160047,0.00639691
5.06917,-0.0965167,0.0127938
7.77333,-0.148004,0.0170584
9.24917,-0.176104,0.0127938
5.73833,-0.109258,0.0170584
8.6075,-0.163886,0.0149261
9.02917,-0.171915,0.0191907
7.15917,-0.13631,0.0319845
8.53417,-0.16249,0.0383814
2.7225,-0.0518363,0.0597045
3.59333,-0.0684169,0.049043
0.293333,-0.00558505,0.049043
3.53833,-0.0673697,0.042646
4.5925,-0.087441,0.0469106
3.56583,-0.0678933,0.0447783
3.37333,-0.0642281,0.0447783
3.09833,-0.0589921,0.0511753
5.93083,-0.112923,0.042646
4.65667,-0.0886627,0.0469106
1.11833,-0.021293,0.0469106
5.555,-0.105767,0.0447783
4.99583,-0.0951204,0.049043
1.53083,-0.029147,0.0511753
5.27083,-0.100356,0.0319845
3.40083,-0.0647517,0.0298522
8.20417,-0.156207,0.0106615
6.9025,-0.131423,0.0127938
9.955,-0.189543,0.0191907
6.77417,-0.12898,0.0106615
8.39667,-0.159872,0.0149261
9.56083,-0.182038,0.0127938
6.77417,-0.12898,0.0234553
11.7792,-0.224275,0.0234553
7.79167,-0.148353,0.0575722
6.83833,-0.130202,0.0554399
1.66833,0.031765,0.0447783
8.34167,-0.158825,0.042646
2.805,-0.0534071,0.0511753
4.66583,-0.0888373,0.0405137
5.98583,-0.11397,0.049043
1.31083,-0.0249582,0.0469106
7.90167,-0.150447,0.049043
7.90167,-0.150447,0.049043
1.46667,-0.0279253,0.049043
3.61167,-0.068766,0.0511753
1.0175,-0.0193732,0.049043
1.94333,-0.037001,0.049043
8.635,-0.16441,0.0533076
1.87,-0.0356047,0.049043
4.62,-0.0879646,0.0469106
2.07167,-0.0394444,0.0511753
2.97,-0.0565487,0.0447783
4.33583,-0.0825541,0.0469106
0.495,-0.00942478,0.049043
5.2525,-0.100007,0.0469106
5.4175,-0.103149,0.049043
0.055,-0.0010472,0.0511753
6.985,-0.132994,0.0533076
2.38333,-0.0453786,0.0533076
3.6575,-0.0696386,0.0511753
4.62917,-0.0881391,0.0511753
3.48333,-0.0663225,0.0533076
1.97083,-0.0375246,0.0533076
2.97917,-0.0567232,0.049043
0.44,0.00837758,0.0511753
7.03083,-0.133867,0.0469106
1.4025,-0.0267035,0.0511753
1.25583,-0.023911,0.0554399
4.60167,-0.0876155,0.0533076
4.58333,-0.0872665,0.0575722
4.675,-0.0890118,0.0511753
5.89417,-0.112225,0.0533076
0.055,0.0010472,0.0575722
2.62167,-0.0499164,0.0533076
2.75917,-0.0525344,0.0554399
0.00916667,-0.000174533,0.0511753
0.834167,-0.0158825,0.0533076
3.41917,-0.0651008,0.0511753
0.495,-0.00942478,0.0575722
5.39917,-0.1028,0.0533076
0.77,0.0146608,0.0511753
0.999167,0.0190241,0.0554399
3.96917,-0.0755728,0.0575722
0.385,0.00733038,0.0575722
1.46667,-0.0279253,0.0511753
2.75917,-0.0525344,0.0618368
0.348333,0.00663225,0.0511753
0.916667,-0.0174533,0.0511753
0.696667,-0.0132645,0.0511753
3.795,0.0722566,0.0554399
7.71833,0.146957,0.049043
7.73667,0.147306,0.0511753
12.0725,0.22986,0.049043
7.3975,0.140848,0.0575722
7.4525,0.141895,0.0511753
8.53417,0.16249,0.0575722
7.77333,0.148004,0.0554399
12.3933,0.235969,0.0533076
10.3858,0.197746,0.0533076
4.60167,0.0876155,0.049043
3.4375,0.0654498,0.0511753
0.504167,0.00959931,0.0554399
1.55833,-0.0296706,0.0533076
2.05333,0.0390954,0.0575722
1.35667,-0.0258309,0.0639691
2.20917,-0.0420624,0.0597045
0.146667,-0.00279253,0.0575722
2.48417,-0.0472984,0.0554399
2.255,0.0429351,0.0533076
2.41083,-0.0459022,0.0533076
2.43833,-0.0464258,0.0575722
3.47417,0.066148,0.0533076
2.1725,-0.0413643,0.0511753
3.11667,0.0593412,0.0575722
0.22,-0.00418879,0.0575722
1.3475,0.0256563,0.0554399
9.86333,0.187797,0.0554399
10.1017,0.192335,0.0533076
10.1017,0.192335,0.0533076
13.97,0.265988,0.0618368
0.724167,-0.0137881,0.0511753
16.3717,0.311716,0.0618368
16.3717,0.311716,0.0618368
10.3675,0.197397,0.0597045
9.90917,0.18867,0.0533076
8.86417,0.168773,0.0597045
3.45583,0.0657989,0.0575722
3.245,-0.0617847,0.0575722
3.52917,0.0671952,0.0597045
0.916667,-0.0174533,0.0511753
4.2075,0.0801106,0.0533076
1.5125,0.0287979,0.0554399
5.46333,-0.104022,0.0575722
4.0425,0.076969,0.0618368
1.32,-0.0251327,0.0511753
4.16167,-0.0792379,0.0618368
3.63917,0.0692896,0.0597045
3.42833,-0.0652753,0.0575722
2.85083,0.0542797,0.0575722
4.07917,-0.0776672,0.0597045
2.08083,-0.039619,0.0554399
2.97,0.0565487,0.0575722
1.25583,-0.023911,0.0533076
2.7775,0.0528835,0.0575722
2.53917,-0.0483456,0.0575722
3.66667,-0.0698132,0.0554399
0.4675,0.00890118,0.0554399
0.0458333,-0.000872665,0.0533076
0.953333,-0.0181514,0.0575722
1.88833,0.0359538,0.0554399
0.6875,-0.01309,0.0533076
1.36583,0.0260054,0.0618368
0.733333,-0.0139626,0.0533076
2.12667,-0.0404916,0.0554399
1.595,0.0303687,0.0575722
0.476667,0.00907571,0.0575722
1.28333,-0.0244346,0.0597045
1.38417,0.0263545,0.0618368
1.05417,-0.0200713,0.0554399
0.119167,0.00226893,0.0597045
0.4675,-0.00890118,0.0575722
0.430833,-0.00820305,0.0618368
0.99,0.0188496,0.0597045
1.22833,-0.0233874,0.0597045
0.5775,0.0109956,0.0597045
1.11833,0.021293,0.0597045
0.889167,-0.0169297,0.0597045
0.504167,0.00959931,0.0533076
0.504167,0.00959931,0.0533076
1.155,0.0219911,0.0554399
0.128333,0.00244346,0.0575722
0.128333,0.00244346,0.0575722
0.0458333,0.000872665,0.0554399
0.55,-0.010472,0.0618368
1.06333,0.0202458,0.0575722
0.476667,0.00907571,0.0575722
0.2475,-0.00471239,0.0597045
0.11,0.0020944,0.0575722
0.953333,-0.0181514,0.0618368
0.4125,0.00785398,0.0618368
0.650833,-0.0123918,0.0575722
1.24667,-0.0237365,0.0639691
0.7975,0.0151844,0.0575722
0.9625,0.018326,0.0575722
1.155,-0.0219911,0.0554399
1.35667,0.0258309,0.0533076
0.403333,-0.00767945,0.0554399
0.650833,-0.0123918,0.0597045
0.128333,-0.00244346,0.0597045
1.705,-0.0324631,0.0554399
0.7975,0.0151844,0.0597045
2.42,0.0460767,0.0554399
2.29167,-0.0436332,0.0597045
2.29167,-0.0436332,0.0597045
1.0725,0.0204204,0.0597045
2.29167,0.0436332,0.0554399
0.614167,0.0116937,0.0597045
0.339167,0.00645772,0.0618368
1.13667,-0.0216421,0.0618368
2.56667,0.0488692,0.0597045
1.46667,-0.0279253,0.0597045
1.71417,0.0326377,0.0597045
3.01583,0.0574213,0.0618368
2.75917,-0.0525344,0.0554399
3.75833,0.0715585,0.0575722
0.0458333,-0.000872665,0.0554399
0.0458333,-0.000872665,0.0554399
3.1075,0.0591667,0.0597045
0.55,0.010472,0.0597045
3.74,-0.0712094,0.0575722
1.7875,0.0340339,0.0554399
3.12583,-0.0595157,0.0575722
2.95167,-0.0561996,0.0618368
0.430833,-0.00820305,0.0597045
4.40917,-0.0839503,0.0618368
3.41,0.0649262,0.0597045
2.07167,-0.0394444,0.0533076
2.98833,-0.0568977,0.0639691
2.6125,0.0497419,0.0597045
2.13583,-0.0406662,0.0554399
1.5125,-0.0287979,0.0597045
2.35583,0.044855,0.0618368
0.311667,0.00593412,0.0597045
1.87917,-0.0357792,0.0575722
1.1,0.020944,0.0639691
1.72333,-0.0328122,0.0554399
0.2475,0.00471239,0.0618368
1.595,0.0303687,0.0597045
1.54,-0.0293215,0.0597045
1.31083,-0.0249582,0.0597045
1.03583,0.0197222,0.0639691
1.2375,-0.0235619,0.0618368
0.696667,-0.0132645,0.0597045
0.284167,0.00541052,0.0618368
0.751667,-0.0143117,0.0554399
0.980833,0.018675,0.0639691
0.100833,0.00191986,0.0597045
0.531667,-0.0101229,0.0575722
1.2925,0.0246091,0.0618368
0.210833,-0.00401426,0.0618368
0.449167,-0.00855211,0.0597045
0.449167,-0.00855211,0.0597045
0.815833,-0.0155334,0.0597045
0.0733333,-0.00139626,0.0575722
0.210833,-0.00401426,0.0639691
0.11,0.0020944,0.0575722
0.275,-0.00523599,0.0618368
0,0,0.0597045
0.0641667,-0.00122173,0.0575722
0.201667,-0.00383972,0.0575722
1.64083,0.0312414,0.0597045
4.18,0.079587,0.0575722
10.45,0.198968,0.0575722
9.77167,0.186052,0.0661014
11.6508,0.221831,0.0575722
16.4908,0.313985,0.0554399
9.09333,0.173137,0.0639691
3.465,0.0659734,0.0575722
0.861667,0.0164061,0.0661014
0.284167,-0.00541052,0.0661014
0.421667,0.00802851,0.0575722
2.0075,-0.0382227,0.0661014
0.815833,0.0155334,0.0618368
1.69583,-0.0322886,0.0554399
0.055,-0.0010472,0.0575722
1.99833,0.0380482,0.0597045
2.46583,0.0469494,0.0597045
1.91583,-0.0364774,0.0597045
2.1725,0.0413643,0.0597045
1.76,-0.0335103,0.0597045
1.91583,-0.0364774,0.0597045
1.97083,0.0375246,0.0618368
0.275,0.00523599,0.0575722
0.238333,0.00453786,0.0533076
2.01667,0.0383972,0.0362491
1.705,-0.0324631,0
1.4575,0.0277507,0
0,0,0
0,0,0
0.504167,0.00959931,0
0.0366667,-0.000698132,0
0.0275,0.000523599,0.0149261
0.174167,-0.00331613,0.0405137
1.64083,-0.0312414,0.0405137
1.93417,0.0368264,0.042646
0.861667,0.0164061,0.0255876
0.815833,-0.0155334,0.0319845
2.75,0.0523599,0.0362491
1.17333,-0.0223402,0.0298522
0.449167,0.00855211,0.0362491
1.925,0.0366519,0.0383814
1.41167,-0.0268781,0.0383814
2.3375,0.0445059,0.0383814
1.55833,-0.0296706,0.0341168
0.11,0.0020944,0.0405137
3.00667,0.0572468,0.0362491
1.705,-0.0324631,0.0383814
2.01667,0.0383972,0.0362491
1.9525,-0.0371755,0.0362491
0.339167,0.00645772,0.0405137
1.13667,0.0216421,0.0319845
0.0916667,0.00174533,0.042646
2.475,0.0471239,0.0405137
0.293333,0.00558505,0.042646
0.22,-0.00418879,0.0447783
1.4025,-0.0267035,0.0383814
1.00833,0.0191986,0.0405137
1.16417,-0.0221657,0.0362491
0.128333,0.00244346,0.042646
1.30167,0.0247837,0.042646
0.256667,-0.00488692,0.0383814
1.1275,0.0214675,0.042646
0.284167,-0.00541052,0.0383814
0.8525,0.0162316,0.042646
0.430833,-0.00820305,0.0383814
1.5675,0.0298451,0.042646
0.999167,-0.0190241,0.0383814
0.055,0.0010472,0.049043
0.980833,-0.018675,0.0405137
0.586667,-0.0111701,0.049043
0.531667,0.0101229,0.042646
0.430833,0.00820305,0.0511753
0.210833,0.00401426,0.0447783
0.430833,0.00820305,0.0447783
0.174167,0.00331613,0.0447783
0.971667,0.0185005,0.0447783
0.311667,0.00593412,0.042646
0.403333,0.00767945,0.0511753
1.19167,-0.0226893,0.042646
0.311667,0.00593412,0.0533076
0.229167,0.00436332,0.0469106
0.11,0.0020944,0.0533076
0.0183333,0.000349066,0.0469106
0.0916667,-0.00174533,0.0511753
1.32917,-0.0253073,0.0447783
1.32917,-0.0253073,0.0447783
0.9625,-0.018326,0.0469106
0.623333,-0.0118682,0.0533076
2.16333,-0.0411898,0.0469106
0.66,-0.0125664,0.049043
1.28333,-0.0244346,0.0469106
1.28333,-0.0244346,0.0469106
1.58583,-0.0301942,0.0469106
2.81417,0.0535816,0.0469106
1.91583,-0.0364774,0.0469106
3.03417,0.0577704,0.0447783
1.265,-0.0240855,0.049043
0.9625,-0.018326,0.0511753
1.47583,-0.0280998,0.0533076
1.47583,-0.0280998,0.0533076
1.28333,0.0244346,0.0533076
0.394167,-0.00750492,0.0469106
0.155833,0.00296706,0.0554399
1.76,0.0335103,0.0511753
0.605,0.0115192,0.0533076
1.14583,-0.0218166,0.0511753
1.21917,0.0232129,0.049043
1.31083,-0.0249582,0.0469106
1.5125,0.0287979,0.042646
0.641667,0.0122173,0.0575722
0.4125,0.00785398,0.0511753
0.421667,0.00802851,0.0511753
1.54917,-0.0294961,0.049043
1.00833,0.0191986,0.0511753
1.21,-0.0230383,0.0469106
1.87,0.0356047,0.049043
0.0916667,-0.00174533,0.0554399
1.03583,-0.0197222,0.0511753
0.11,-0.0020944,0.0533076
1.55833,-0.0296706,0.0533076
2.08083,0.039619,0.0511753
0.843333,-0.016057,0.0554399
1.44833,0.0275762,0.0533076
0.7425,-0.0141372,0.0554399
0.201667,0.00383972,0.0511753
0.339167,-0.00645772,0.0554399
0.834167,-0.0158825,0.0533076
0.284167,0.00541052,0.0575722
1.16417,-0.0221657,0.0554399
0.476667,0.00907571,0.049043
1.3475,-0.0256563,0.0533076
0.11,-0.0020944,0.0533076
2.78667,0.053058,0.0511753
1.74167,-0.0331613,0.0554399
1.66833,0.031765,0.0554399
2.08083,-0.039619,0.0554399
1.35667,0.0258309,0.0533076
1.8975,0.0361283,0.0511753
0.0458333,-0.000872665,0.0533076
2.695,0.0513127,0.0511753
1.09083,-0.0207694,0.0554399
2.96083,0.0563741,0.0511753
1.35667,-0.0258309,0.049043
1.90667,-0.0363028,0.0533076
2.51167,0.047822,0.0554399
1.6775,-0.0319395,0.0575722
0.0825,0.0015708,0.0533076
0.595833,-0.0113446,0.0597045
0.641667,0.0122173,0.0511753
1.66833,0.031765,0.0511753
1.76,-0.0335103,0.0554399
0.119167,-0.00226893,0.0554399
0.100833,-0.00191986,0.0575722
1.27417,-0.0242601,0.0554399
0.99,0.0188496,0.0554399
1.14583,-0.0218166,0.0575722
1.13667,0.0216421,0.0575722
0.733333,-0.0139626,0.0554399
1.60417,-0.0305433,0.0575722
2.42,0.0460767,0.0575722
0.540833,-0.0102974,0.0597045
0.806667,-0.0153589,0.0575722
0.4675,-0.00890118,0.0533076
1.17333,-0.0223402,0.0597045
1.705,0.0324631,0.0511753
1.20083,-0.0228638,0.0575722
1.5125,-0.0287979,0.0575722
2.31917,0.0441568,0.0554399
1.4575,-0.0277507,0.0554399
0.641667,0.0122173,0.0533076
1.63167,-0.0310669,0.0597045
0.733333,-0.0139626,0.0575722
2.365,0.0450295,0.0533076
2.365,0.0450295,0.0533076
1.14583,0.0218166,0.0575722
2.45667,-0.0467748,0.0575722
0.458333,-0.00872665,0.0597045
2.27333,0.0432842,0.0554399
0.6875,-0.01309,0.0597045
0.724167,0.0137881,0.0575722
1.4575,0.0277507,0.0575722
1.65917,-0.0315905,0.0661014
0.311667,-0.00593412,0.0554399
2.145,-0.0408407,0.0618368
1.87917,-0.0357792,0.0575722
2.04417,0.0389208,0.0533076
1.6225,-0.0308923,0.0597045
0.696667,-0.0132645,0.0575722
1.96167,0.03735,0.0533076
1.2375,-0.0235619,0.0575722
0.22,-0.00418879,0.0575722
1.54,0.0293215,0.0575722
1.54,0.0293215,0.0575722
0.715,0.0136136,0.0575722
0.0733333,0.00139626,0.0575722
0.99,-0.0188496,0.0597045
2.07167,0.0394444,0.0554399
1.815,-0.0345575,0.0597045
2.32833,0.0443314,0.0597045
0.971667,-0.0185005,0.0533076
1.71417,-0.0326377,0.0575722
0.119167,0.00226893,0.0575722
2.07167,-0.0394444,0.0575722
2.07167,-0.0394444,0.0575722
0.165,-0.00314159,0.0554399
1.6225,-0.0308923,0.0597045
0.999167,0.0190241,0.0597045
1.485,-0.0282743,0.0554399
1.82417,-0.0347321,0.0597045
2.59417,0.0493928,0.0597045
1.82417,-0.0347321,0.0575722
0.6875,0.01309,0.0554399
2.09,0.0397935,0.0554399
1.31083,-0.0249582,0.0575722
1.30167,0.0247837,0.0533076
1.21,0.0230383,0.0554399
0.385,-0.00733038,0.0597045
0.815833,0.0155334,0.0554399
0.586667,0.0111701,0.0554399
0.559167,-0.0106465,0.0597045
2.04417,0.0389208,0.0554399
2.41083,-0.0459022,0.0618368
0.476667,-0.00907571,0.0597045
2.0625,0.0392699,0.0554399
2.0625,0.0392699,0.0554399
0.925833,0.0176278,0.0575722
0.7975,0.0151844,0.0554399
0.843333,-0.016057,0.0618368
0.458333,0.00872665,0.0575722
0.165,-0.00314159,0.0533076
1.11833,-0.021293,0.0575722
1.31083,0.0249582,0.0554399
0.5775,-0.0109956,0.0597045
2.21833,-0.042237,0.0597045
1.72333,0.0328122,0.0575722
2.37417,0.045204,0.0554399
2.75,0.0523599,0.0554399
1.24667,-0.0237365,0.0554399
2.6675,0.0507891,0.0597045
1.57667,-0.0300197,0.0618368
0.2475,-0.00471239,0.0597045
1.0725,0.0204204,0.0575722
0.256667,0.00488692,0.0597045
0.0275,-0.000523599,0.0597045
0.1925,0.00366519,0.0575722
0.348333,-0.00663225,0.0639691
0.88,0.0167552,0.0597045
1.9525,0.0371755,0.0597045
1.485,-0.0282743,0.0639691
1.82417,0.0347321,0.0597045
1.53083,-0.029147,0.0575722
0.971667,-0.0185005,0.0618368
1.32917,0.0253073,0.0575722
0.614167,0.0116937,0.0575722
0.9625,-0.018326,0.0597045
1.53083,0.029147,0.0554399
1.14583,-0.0218166,0.0597045
0.476667,-0.00907571,0.0597045
2.035,0.0387463,0.0597045
0.88,-0.0167552,0.0597045
0.449167,0.00855211,0.0575722
0.4125,0.00785398,0.0575722
0.2475,0.00471239,0.0575722
0.495,0.00942478,0.0575722
0.513333,0.00977384,0.0575722
0.0825,0.0015708,0.0597045
0.870833,0.0165806,0.0597045
0.201667,0.00383972,0.0597045
1.46667,-0.0279253,0.0618368
1.52167,0.0289725,0.0575722
0.385,-0.00733038,0.0575722
0.3575,0.00680678,0.0597045
2.57583,0.0490438,0.0575722
1.98917,-0.0378736,0.0597045
0.1925,-0.00366519,0.0639691
1.60417,0.0305433,0.0575722
0.77,-0.0146608,0.0597045
0.898333,-0.0171042,0.0618368
0.311667,0.00593412,0.0597045
3.355,0.0638791,0.0597045
10.5967,0.20176,0.0554399
11.825,0.225147,0.0597045
8.1125,0.154462,0.0554399
11.4767,0.218515,0.0533076
4.84,0.0921534,0.0149261
3.04333,-0.0579449,0.0724983
2.2,0.0418879,0.0724983
2.0075,-0.0382227,0.0554399
2.87833,-0.0548033,0.0661014
1.44833,0.0275762,0.0575722
3.0525,-0.0581195,0.0533076
3.41917,-0.0651008,0.0639691
9.31333,0.177325,0.0554399
0.5225,-0.00994838,0.0618368
11.5775,0.220435,0.0511753
12.6958,0.241728,0.0575722
5.39917,0.1028,0.0639691
8.04833,0.15324,0.0554399
2.32833,0.0443314,0.0618368
1.72333,0.0328122,0.0597045
0.0458333,0.000872665,0.0597045
0.705833,-0.013439,0.070366
1.815,0.0345575,0.0533076
1.77833,-0.0338594,0.0597045
0.540833,0.0102974,0.0575722
1.31083,0.0249582,0.0575722
2.035,-0.0387463,0.0597045
1.91583,0.0364774,0.0575722
0.861667,-0.0164061,0.0597045
1.32,-0.0251327,0.0597045
2.01667,0.0383972,0.0597045
0.540833,-0.0102974,0.0597045
0.128333,0.00244346,0.0618368
2.27333,0.0432842,0.0597045
1.5675,-0.0298451,0.0597045
1.99833,0.0380482,0.0618368
2.09917,0.039968,0.0618368
1.43917,-0.0274017,0.0575722
1.41167,0.0268781,0.0597045
0.870833,-0.0165806,0.0575722
1.85167,-0.0352557,0.0575722
1.6225,0.0308923,0.0554399
2.24583,0.0427606,0.0597045
1.7325,-0.0329867,0.0597045
2.255,0.0429351,0.0575722
2.87833,-0.0548033,0.0575722
3.52,-0.0670206,0.0575722
2.85083,0.0542797,0.0554399
1.6225,-0.0308923,0.0597045
1.64083,0.0312414,0.0575722
3.41917,0.0651008,0.0575722
2.7775,-0.0528835,0.0575722
2.3925,0.0455531,0.0575722
1.80583,0.034383,0.0597045
3.04333,-0.0579449,0.0618368
3.04333,-0.0579449,0.0618368
3.7125,0.0706858,0.0575722
2.2275,-0.0424115,0.0554399
4.79417,0.0912807,0.0554399
1.43917,-0.0274017,0.0597045
2.3375,-0.0445059,0.0597045
2.89667,0.0551524,0.0575722
3.61167,0.068766,0.0533076
2.01667,-0.0383972,0.0639691
4.51917,0.0860447,0.0575722
4.55583,-0.0867429,0.0597045
3.41,0.0649262,0.0533076
4.1525,0.0790634,0.0661014
3.36417,-0.0640536,0.0618368
1.49417,-0.0284489,0.0618368
1.4025,0.0267035,0.0618368
3.09833,-0.0589921,0.0575722
2.59417,0.0493928,0.0554399
0.916667,-0.0174533,0.0597045
3.3825,-0.0644026,0.0618368
3.0525,0.0581195,0.0575722
3.37333,-0.0642281,0.0575722
3.00667,-0.0572468,0.0639691
3.50167,0.0666716,0.0639691
0.375833,-0.00715585,0.0618368
0.165,-0.00314159,0.0597045
4.07917,0.0776672,0.0597045
3.5475,-0.0675442,0.0618368
0.4125,0.00785398,0.0597045
3.85,0.0733038,0.0618368
1.7325,-0.0329867,0.0597045
1.77833,0.0338594,0.0575722
2.64,0.0502655,0.0597045
3.4925,0.066497,0.0575722
0.889167,0.0169297,0.0618368
0.311667,-0.00593412,0.0618368
1.43917,0.0274017,0.0575722
3.33667,-0.06353,0.0597045
3.77667,-0.0719076,0.0618368
3.7675,0.071733,0.0597045
2.40167,-0.0457276,0.0575722
2.51167,0.047822,0.0575722
2.81417,0.0535816,0.0597045
2.57583,-0.0490438,0.0575722
1.5125,-0.0287979,0.0618368
1.57667,0.0300197,0.0575722
1.13667,-0.0216421,0.0661014
0.0825,-0.0015708,0.0597045
0.77,0.0146608,0.0618368
2.23667,-0.042586,0.0618368
1.91583,0.0364774,0.0618368
1.03583,-0.0197222,0.0597045
1.265,-0.0240855,0.0597045
0.953333,0.0181514,0.0618368
0.953333,0.0181514,0.0618368
0.595833,0.0113446,0.0597045
0.6325,0.0120428,0.0618368
0.834167,-0.0158825,0.0618368
0.210833,0.00401426,0.0639691
0.22,0.00418879,0.0575722
1.13667,-0.0216421,0.0618368
0.339167,0.00645772,0.0639691
0.339167,0.00645772,0.0639691
0.724167,0.0137881,0.0597045
0.165,0.00314159,0.0597045
0.834167,0.0158825,0.0597045
0.394167,-0.00750492,0.0639691
0.0458333,0.000872665,0.0618368
0.696667,0.0132645,0.0597045
0.485833,-0.00925025,0.0618368
0.806667,0.0153589,0.0597045
1.03583,0.0197222,0.0575722
0.476667,-0.00907571,0.0639691
1.41167,0.0268781,0.0554399
0.724167,0.0137881,0.0575722
0.504167,-0.00959931,0.0618368
0.834167,0.0158825,0.0618368
0.99,0.0188496,0.0533076
0.55,-0.010472,0.0618368
0.449167,0.00855211,0.0618368
0.88,0.0167552,0.0597045
0.311667,0.00593412,0.0618368
0.815833,0.0155334,0.0597045
0.275,-0.00523599,0.0618368
0.4675,0.00890118,0.0618368
0.0183333,-0.000349066,0.0597045
0.614167,-0.0116937,0.0575722
0.5225,0.00994838,0.0618368
0.183333,-0.00349066,0.0597045
0.586667,0.0111701,0.0597045
0.183333,0.00349066,0.0618368
0.1375,0.00261799,0.0618368
0.66,0.0125664,0.0575722
0.504167,0.00959931,0.0639691
0.284167,0.00541052,0.0618368
1.32917,0.0253073,0.0597045
0.4125,0.00785398,0.0618368
0.641667,-0.0122173,0.0575722
1.31083,-0.0249582,0.0597045
0,0,0.0575722
1.05417,-0.0200713,0.0597045
1.9525,0.0371755,0.0554399
1.72333,0.0328122,0.0618368
1.6775,-0.0319395,0.0618368
1.2925,0.0246091,0.0618368
1.16417,0.0221657,0.0618368
0.980833,-0.018675,0.0618368
1.60417,0.0305433,0.0597045
0.834167,0.0158825,0.0597045
1.43,-0.0272271,0.0575722
2.21833,0.042237,0.0618368
5.665,0.107861,0.0554399
6.08667,0.11589,0.0639691
8.70833,0.165806,0.0575722
14.5383,0.276809,0.0639691
8.37833,0.159523,0.0639691
11.7058,0.222879,0.0575722
16.94,0.322537,0.0597045
12.43,0.236667,0.0533076
11.495,0.218864,0.0533076
15.5742,0.296531,0.0554399
11.6142,0.221133,0.0639691
16.6467,0.316952,0.0597045
12.98,0.247139,0.0533076
12.98,0.247139,0.0533076
12.1275,0.230907,0.0554399
13.64,0.259705,0.0533076
10.9908,0.209265,0.0661014
9.20333,0.175231,0.0639691
11.99,0.228289,0.0554399
11.4033,0.217119,0.0661014
12.7233,0.242252,0.0618368
11.9717,0.22794,0.0618368
10.1383,0.193033,0.0661014
14.1808,0.270002,0.0618368
14.7308,0.280474,0.0639691
10.7158,0.204029,0.0618368
15.8767,0.302291,0.0597045
10.4133,0.198269,0.0661014
12.485,0.237714,0.0639691
14.575,0.277507,0.0554399
13.4567,0.256214,0.0618368
12.045,0.229336,0.0661014
14.96,0.284838,0.0597045
16.6925,0.317824,0.0575722
10.4133,0.198269,0.0618368
8.8,0.167552,0.0170584
0.476667,0.00907571,0.0021323
1.75083,0.0333358,0.0127938
1.75083,0.0333358,0.0127938
0.275,0.00523599,0
1.74167,0.0331613,0.0149261
9.56083,0.182038,0.0170584
16.115,0.306829,0.0362491
9.66167,0.183958,0.0341168
12.4758,0.237539,0.0106615
3.40083,0.0647517,0.0298522
12.0817,0.230034,0.0319845
9.16667,0.174533,0.0341168
8.36917,0.159349,0.0319845
13.7133,0.261101,0.0341168
14.41,0.274366,0.0383814
8.305,0.158127,0.0319845
15.6383,0.297753,0.0298522
14.6117,0.278205,0.0362491
10.78,0.205251,0.0341168
10.285,0.195826,0.0362491
14.3733,0.273668,0.0170584
13.3375,0.253945,0.0383814
8.48833,0.161617,0.042646
13.4933,0.256912,0.0447783
10.7158,0.204029,0.042646
10.4408,0.198793,0.0170584
11.9992,0.228464,0.0341168
12.8333,0.244346,0.0319845
12.7417,0.242601,0.0383814
11.2475,0.214152,0.0341168
15.6842,0.298626,0.0362491
15.6842,0.298626,0.0362491
11.6142,0.221133,0.0405137
11.6142,0.221133,0.0405137
13.9975,0.266512,0.0383814
16.2067,0.308574,0.0405137
11.1742,0.212756,0.0383814
12.6867,0.241554,0.0405137
14.575,0.277507,0.042646
13.7775,0.262323,0.042646
13.7775,0.262323,0.042646
3.0525,0.0581195,0.0042646
1.05417,0.0200713,0.0106615
1.20083,0.0228638,0
0,0,0
0.366667,0.00698132,0.00852921
1.265,0.0240855,0.0191907
4.63833,0.0883137,0.0341168
12.9525,0.246615,0.0341168
12.815,0.243997,0.0341168
9.24917,0.176104,0.0298522
13.915,0.264941,0.0362491
11.0367,0.210138,0.0319845
14.465,0.275413,0.0341168
11.0183,0.209789,0.0319845
10.7342,0.204378,0.0341168
12.8425,0.244521,0.0341168
14.2358,0.27105,0.0362491
10.1108,0.19251,0.0362491
11.4675,0.218341,0.0341168
11.3483,0.216072,0.0447783
12.485,0.237714,0.0383814
12.0725,0.22986,0.042646
13.42,0.255516,0.0405137
13.2092,0.251502,0.0405137
10.5233,0.200364,0.0341168
15.29,0.291121,0.0341168
14.7858,0.281522,0.0255876
5.18833,0.0987856,0.00852921
2.29167,0.0436332,0
1.88833,0.0359538,0.00852921
3.685,0.0701622,0.021323
10.9725,0.208916,0.0341168
17.0592,0.324806,0.0405137
9.88167,0.188146,0.0362491
13.5758,0.258483,0.0341168
17.7742,0.338419,0.0362491
13.6125,0.259181,0.0383814
11.9992,0.228464,0.0383814
13.2917,0.253073,0.0405137
14.3733,0.273668,0.0383814
14.8683,0.283092,0.0383814
12.265,0.233525,0.0362491
13.5025,0.257087,0.0405137
15.895,0.30264,0.0383814
17.05,0.324631,0.0383814
16.005,0.304734,0.0362491
13.9792,0.266163,0.0405137
7.30583,0.139103,0.0234553
9.42333,0.17942,0.0191907
4.36333,0.0830777,0.0021323
0.715,0.0136136,0
0,0,0
0,0,0
0,0,0
0,0,0
0,0,0
0.00916667,-0.000174533,0
10.7433,0.204553,0.0191907
16.0783,0.306131,0.0383814
8.67167,0.165108,0.0383814
13.2092,0.251502,0.0341168
11.715,0.223053,0.0341168
10.1475,0.193208,0.0341168
12.265,0.233525,0.0319845
11.22,0.213628,0.0319845
12.6317,0.240506,0.0362491
13.3467,0.25412,0.0319845
11.8342,0.225322,0.0341168
12.87,0.245044,0.0341168
14.7858,0.281522,0.0341168
12.4942,0.237888,0.0341168
12.4483,0.237016,0.0341168
13.64,0.259705,0.0341168
13.4475,0.25604,0.0298522
11.6783,0.222355,0.0405137
12.0083,0.228638,0.0383814
12.0083,0.228638,0.0383814
10.7525,0.204727,0.0383814
14.4925,0.275937,0.0362491
14.9875,0.285361,0.0341168
12.3383,0.234921,0.0383814
6.27917,0.119555,0.0234553
11.7333,0.223402,0.0405137
10.6608,0.202982,0.0341168
11.44,0.217817,0.0405137
11.9625,0.227765,0.0405137
14.0892,0.268257,0.0362491
9.5425,0.181689,0.0362491
0.825,0.015708,0.0405137
3.20833,0.0610865,0.0447783
0.9075,-0.0172788,0.0383814
1.265,0.0240855,0.0511753
1.21917,0.0232129,0.0554399
1.60417,0.0305433,0.0469106
1.08167,-0.0205949,0.0511753
2.37417,0.045204,0.0447783
1.815,-0.0345575,0.0511753
1.265,0.0240855,0.0405137
0.980833,-0.018675,0.0469106
2.2,0.0418879,0.0469106
1.50333,-0.0286234,0.042646
1.25583,0.023911,0.0447783
0.0366667,-0.000698132,0.0469106
1.5125,0.0287979,0.0405137
0.210833,-0.00401426,0.0447783
1.2925,0.0246091,0.0405137
0.165,0.00314159,0.0405137
0.7425,0.0141372,0.0405137
0.1925,0.00366519,0.0447783
3.03417,0.0577704,0.042646
0.385,0.00733038,0.0511753
0.504167,-0.00959931,0.0469106
0.174167,0.00331613,0.0469106
0.0916667,0.00174533,0.0469106
0.320833,0.00610865,0.0533076
0.650833,0.0123918,0.049043
0.834167,0.0158825,0.0533076
1.0725,0.0204204,0.049043
1.41167,0.0268781,0.0533076
0.870833,0.0165806,0.049043
0.843333,-0.016057,0.049043
2.32833,0.0443314,0.049043
2.98833,-0.0568977,0.0469106
2.12667,0.0404916,0.049043
2.6125,-0.0497419,0.049043
2.27333,0.0432842,0.0469106
2.10833,-0.0401426,0.049043
1.93417,0.0368264,0.0447783
0.0183333,0.000349066,0.049043
5.24333,-0.0998328,0.0511753
3.905,-0.074351,0.0511753
13.4933,-0.256912,0.0533076
7.9475,-0.15132,0.049043
9.86333,-0.187797,0.0511753
6.655,-0.126711,0.0533076
10.5967,-0.20176,0.049043
13.9792,-0.266163,0.0511753
11.55,-0.219911,0.0533076
7.205,-0.137183,0.049043
5.2525,-0.100007,0.049043
1.54,0.0293215,0.0447783
3.00667,-0.0572468,0.0554399
2.07167,0.0394444,0.0511753
0.944167,-0.0179769,0.0661014
0.944167,-0.0179769,0.0661014
1.3475,-0.0256563,0.0575722
0.348333,-0.00663225,0.0554399
0.834167,0.0158825,0.0575722
0.77,-0.0146608,0.0533076
1.17333,0.0223402,0.0511753
0.0641667,-0.00122173,0.0575722
0.210833,-0.00401426,0.0554399
0.284167,-0.00541052,0.0554399
0.119167,0.00226893,0.0533076
0.8525,0.0162316,0.0511753
0.146667,-0.00279253,0.0554399
0.678333,0.0129154,0.0511753
0.128333,0.00244346,0.0554399
0.605,-0.0115192,0.0533076
1.27417,0.0242601,0.0554399
0.055,0.0010472,0.0597045
0.146667,0.00279253,0.0533076
0.256667,-0.00488692,0.0575722
0.0916667,0.00174533,0.0554399
0.531667,0.0101229,0.049043
0.458333,-0.00872665,0.0554399
0.7975,0.0151844,0.0533076
0.4125,-0.00785398,0.0575722
0.430833,0.00820305,0.0511753
0.339167,-0.00645772,0.0554399
0.311667,-0.00593412,0.0575722
1.03583,0.0197222,0.0533076
0.559167,-0.0106465,0.0554399
0.999167,0.0190241,0.0533076
0.5775,0.0109956,0.0554399
0.055,0.0010472,0.0554399
0.559167,0.0106465,0.0554399
0.385,0.00733038,0.0554399
0.504167,0.00959931,0.0554399
0.44,-0.00837758,0.0533076
0.55,0.010472,0.0597045
0.394167,0.00750492,0.0511753
1.3475,-0.0256563,0.0554399
1.19167,0.0226893,0.0533076
0.33,-0.00628319,0.0511753
0.229167,-0.00436332,0.0554399
1.46667,0.0279253,0.0533076
0.348333,-0.00663225,0.0575722
1.0175,0.0193732,0.0597045
0.6875,-0.01309,0.0533076
0.476667,0.00907571,0.0575722
1.38417,0.0263545,0.0575722
0.2475,-0.00471239,0.0554399
1.265,0.0240855,0.0554399
1.54,-0.0293215,0.0511753
1.32917,-0.0253073,0.0618368
1.54,0.0293215,0.0575722
1.54917,-0.0294961,0.0554399
0.4125,0.00785398,0.0554399
0.980833,0.018675,0.0597045
2.31,-0.0439823,0.0575722
1.705,0.0324631,0.0575722
2.09,-0.0397935,0.0575722
0.898333,-0.0171042,0.0575722
1.595,0.0303687,0.0575722
2.40167,-0.0457276,0.0575722
1.72333,0.0328122,0.0575722
0.449167,-0.00855211,0.0575722
2.7225,-0.0518363,0.0554399
2.12667,0.0404916,0.0597045
2.38333,-0.0453786,0.0597045
1.71417,0.0326377,0.0575722
1.91583,0.0364774,0.0575722
2.78667,-0.053058,0.0554399
1.85167,0.0352557,0.0618368
3.58417,-0.0682424,0.0554399
0.275,0.00523599,0.0554399
1.72333,0.0328122,0.0575722
2.82333,-0.0537561,0.0575722
2.6675,0.0507891,0.0511753
1.815,0.0345575,0.0597045
3.7675,-0.071733,0.0554399
3.04333,0.0579449,0.0597045
0.7975,0.0151844,0.0575722
2.23667,0.042586,0.0554399
2.63083,0.0500909,0.0597045
1.925,-0.0366519,0.0575722
0.375833,0.00715585,0.0597045
0.751667,0.0143117,0.0575722
2.1175,-0.0403171,0.0575722
2.34667,0.0446804,0.0554399
1.09083,-0.0207694,0.0554399
1.64083,0.0312414,0.0554399
2.19083,0.0417134,0.0597045
1.63167,-0.0310669,0.0575722
2.65833,0.0506145,0.0554399
2.21833,0.042237,0.0618368
2.45667,-0.0467748,0.0618368
0.9625,0.018326,0.0554399
1.16417,-0.0221657,0.0554399
1.14583,-0.0218166,0.0575722
5.94917,-0.113272,0.0575722
9.19417,-0.175057,0.0554399
11.935,-0.227242,0.0618368
10.1475,-0.193208,0.0682337
11.7058,-0.222879,0.0533076
10.8533,-0.206647,0.0618368
5.09667,-0.0970403,0.0597045
2.12667,-0.0404916,0.0597045
1.13667,0.0216421,0.0575722
1.86083,0.0354302,0.0597045
2.79583,0.0532325,0.0575722
1.24667,0.0237365,0.0533076
1.1275,-0.0214675,0.0639691
0.66,0.0125664,0.0554399
0.128333,0.00244346,0.0597045
0.5225,-0.00994838,0.0575722
0.201667,-0.00383972,0.0575722
0.0366667,-0.000698132,0.0575722
0.55,-0.010472,0.0597045
0.210833,0.00401426,0.0597045
1.03583,-0.0197222,0.0639691
0,0,0.0575722
0.375833,-0.00715585,0.0554399
1.5125,-0.0287979,0.0575722
0.44,0.00837758,0.0554399
0.898333,-0.0171042,0.0575722
1.11833,-0.021293,0.0597045
0.449167,0.00855211,0.0618368
1.76917,-0.0336849,0.0597045
0.0641667,-0.00122173,0.0618368
0.980833,0.018675,0.0575722
1.83333,-0.0349066,0.0618368
0.339167,0.00645772,0.0597045
1.77833,0.0338594,0.0597045
1.8975,-0.0361283,0.0597045
0.834167,0.0158825,0.0618368
1.00833,0.0191986,0.0575722
1.4025,-0.0267035,0.0575722
1.69583,0.0322886,0.0618368
1.31083,-0.0249582,0.0597045
1.55833,-0.0296706,0.0618368
0.925833,0.0176278,0.0597045
1.43,-0.0272271,0.0597045
0.3575,-0.00680678,0.0597045
1.66833,0.031765,0.0597045
1.85167,-0.0352557,0.0597045
1.4575,-0.0277507,0.0554399
2.035,0.0387463,0.0639691
1.90667,-0.0363028,0.0575722
1.13667,-0.0216421,0.0639691
1.49417,0.0284489,0.0618368
0.394167,-0.00750492,0.0597045
0.861667,0.0164061,0.0575722
0.9075,0.0172788,0.0597045
0.119167,-0.00226893,0.0554399
0.586667,-0.0111701,0.0618368
0.0183333,-0.000349066,0.0618368
1.49417,-0.0284489,0.0575722
0.3575,0.00680678,0.0575722
1.69583,0.0322886,0.0597045
1.87,-0.0356047,0.0597045
0.77,0.0146608,0.0597045
2.26417,0.0431096,0.0597045
1.25583,-0.023911,0.0597045
1.82417,0.0347321,0.0597045
0.256667,-0.00488692,0.0575722
1.1825,-0.0225147,0.0597045
2.32833,0.0443314,0.0575722
2.02583,0.0385718,0.0597045
0.375833,0.00715585,0.0575722
3.575,0.0680678,0.0597045
3.64833,-0.0694641,0.0618368
0.256667,0.00488692,0.0597045
3.08917,0.0588176,0.0597045
0.715,-0.0136136,0.0597045
2.67667,-0.0509636,0.0597045
1.265,0.0240855,0.0618368
2.5025,-0.0476475,0.0618368
0.366667,-0.00698132,0.0639691
0.339167,0.00645772,0.0575722
0.0641667,0.00122173,0.0597045
0.559167,-0.0106465,0.0618368
0.348333,-0.00663225,0.0597045
1.4575,-0.0277507,0.0575722
0.935,0.0178024,0.0618368
1.41167,-0.0268781,0.0575722
1.925,-0.0366519,0.0597045
1.19167,-0.0226893,0.0575722
0.825,0.015708,0.0597045
1.54,-0.0293215,0.0639691
2.31,0.0439823,0.0597045
0.00916667,-0.000174533,0.0597045
2.0075,-0.0382227,0.0597045
2.6675,0.0507891,0.0618368
1.705,0.0324631,0.0575722
1.4025,-0.0267035,0.0575722
1.38417,0.0263545,0.0554399
0.843333,0.016057,0.0575722
0.88,-0.0167552,0.0618368
1.90667,0.0363028,0.0554399
0.99,0.0188496,0.0554399
0.751667,-0.0143117,0.0575722
1.46667,0.0279253,0.0575722
3.00667,-0.0572468,0.0639691
1.82417,0.0347321,0.0597045
1.69583,0.0322886,0.0575722
2.60333,-0.0495674,0.0575722
0.1925,0.00366519,0.0554399
0,0,0.0554399
2.84167,-0.0541052,0.0554399
0.99,0.0188496,0.0618368
0.0641667,-0.00122173,0.0597045
2.3375,-0.0445059,0.0618368
1.485,0.0282743,0.0575722
1.76,-0.0335103,0.0554399
2.8325,-0.0539307,0.0639691
1.6775,0.0319395,0.0575722
1.61333,-0.0307178,0.0554399
3.14417,-0.0598648,0.0618368
3.14417,0.0598648,0.0639691
0.4675,-0.00890118,0.0575722
2.07167,-0.0394444,0.0618368
1.63167,0.0310669,0.0597045
2.95167,-0.0561996,0.0618368
1.98,0.0376991,0.0554399
1.63167,0.0310669,0.0618368
2.71333,-0.0516617,0.0618368
2.43833,0.0464258,0.0597045
1.3475,0.0256563,0.0597045
1.30167,-0.0247837,0.0618368
1.90667,0.0363028,0.0575722
0.0733333,0.00139626,0.0575722
2.98833,-0.0568977,0.0575722
1.485,0.0282743,0.0554399
1.11833,-0.021293,0.0597045
2.90583,-0.0553269,0.0575722
0.5225,0.00994838,0.0618368
2.53,0.0481711,0.0597045
2.86,-0.0544543,0.0618368
2.64917,0.05044,0.0575722
2.4475,-0.0466003,0.0575722
3.1075,-0.0591667,0.0618368
3.41917,0.0651008,0.0597045
1.05417,-0.0200713,0.0575722
3.52,0.0670206,0.0661014
0.733333,0.0139626,0.0575722
2.32833,-0.0443314,0.0554399
3.1075,0.0591667,0.0639691
0.2475,0.00471239,0.0405137
2.60333,-0.0495674,0.0127938
7.16833,-0.136485,0.0191907
13.255,-0.252375,0.0191907
7.37,-0.140324,0.0106615
8.8825,-0.169122,0.0191907
8.4975,-0.161792,0.0149261
7.77333,-0.148004,0.0149261
8.085,-0.153938,0.0191907
9.1575,-0.174358,0.0170584
2.65833,-0.0506145,0.0106615
0.458333,-0.00872665,0.00639691
2.52083,-0.0479966,0
0,0,0
0.531667,0.0101229,0
0.1925,-0.00366519,0
0.284167,-0.00541052,0
1.27417,-0.0242601,0.0021323
2.74083,-0.0521853,0.00639691
1.77833,-0.0338594,0.0042646
0.5225,0.00994838,0.0042646
0.5225,0.00994838,0.0042646
2.62167,-0.0499164,0
2.3375,-0.0445059,0.00639691
1.65917,-0.0315905,0.0106615
2.73167,-0.0520108,0.0234553
0.595833,-0.0113446,0.0362491
1.14583,0.0218166,0.0341168
2.70417,-0.0514872,0.0319845
2.1725,0.0413643,0.042646
1.6775,-0.0319395,0.042646
3.19,-0.0607375,0.0383814
2.1725,0.0413643,0.0405137
3.14417,-0.0598648,0.0341168
3.14417,-0.0598648,0.0341168
0.0825,0.0015708,0.0383814
0.8525,-0.0162316,0.042646
1.43917,0.0274017,0.0405137
3.36417,-0.0640536,0.0383814
1.38417,0.0263545,0.042646
0.229167,-0.00436332,0.0405137
2.31917,0.0441568,0.042646
0.733333,-0.0139626,0.0447783
2.30083,0.0438078,0.0362491
0.66,-0.0125664,0.0383814
1.42083,-0.0270526,0.0362491
1.03583,0.0197222,0.042646
2.6125,-0.0497419,0.0362491
2.6125,-0.0497419,0.0362491
1.0175,-0.0193732,0.0469106
1.75083,0.0333358,0.042646
2.4475,-0.0466003,0.0405137
1.54917,0.0294961,0.0447783
0.8525,-0.0162316,0.049043
2.07167,0.0394444,0.0447783
0.0825,0.0015708,0.0447783
1.485,0.0282743,0.042646
0.458333,-0.00872665,0.0469106
1.8975,0.0361283,0.042646
0.55,-0.010472,0.0362491
5.27083,-0.100356,0.00852921
8.7725,-0.167028,0.00639691
8.7725,-0.167028,0.00639691
4.565,-0.0869174,0.0127938
7.62667,-0.145211,0.0127938
6.88417,-0.131074,0.0277199
5.1975,-0.0989602,0.0234553
2.76833,-0.0527089,0.0447783
0.385,-0.00733038,0.0405137
0.605,-0.0115192,0.042646
1.54917,-0.0294961,0.0447783
6.69167,-0.127409,0.049043
3.26333,-0.0621337,0.049043
1.595,-0.0303687,0.0447783
0.861667,0.0164061,0.0469106
2.37417,-0.045204,0.0383814
0.843333,-0.016057,0.0469106
3.52,-0.0670206,0.0405137
1.1275,-0.0214675,0.049043
0.669167,-0.0127409,0.0447783
0.779167,-0.0148353,0.0469106
0.2475,-0.00471239,0.042646
1.77833,-0.0338594,0.0469106
1.09083,-0.0207694,0.042646
2.89667,-0.0551524,0.0447783
0.815833,0.0155334,0.0447783
2.805,-0.0534071,0.0447783
0.77,0.0146608,0.0447783
4.52833,-0.0862193,0.0469106
2.54833,0.0485202,0.0469106
2.34667,-0.0446804,0.0469106
2.04417,0.0389208,0.049043
3.0525,-0.0581195,0.0469106
0.788333,0.0150098,0.0469106
3.5475,-0.0675442,0.042646
0.595833,0.0113446,0.049043
0.614167,-0.0116937,0.0469106
0.394167,0.00750492,0.0511753
2.26417,-0.0431096,0.049043
1.1,-0.020944,0.049043
0.0916667,0.00174533,0.0447783
1.06333,-0.0202458,0.0554399
0.0641667,-0.00122173,0.0469106
1.72333,-0.0328122,0.0533076
1.22833,-0.0233874,0.049043
0.476667,-0.00907571,0.0533076
2.64917,-0.05044,0.049043
2.64917,0.05044,0.049043
4.88583,-0.093026,0.0511753
2.68583,0.0511381,0.049043
3.48333,-0.0663225,0.0447783
2.24583,0.0427606,0.0554399
2.62167,-0.0499164,0.0469106
1.43,0.0272271,0.049043
4.61083,-0.0877901,0.049043
0.7975,-0.0151844,0.0554399
1.9525,0.0371755,0.0533076
2.89667,-0.0551524,0.0511753
1.22833,0.0233874,0.0554399
1.58583,-0.0301942,0.0447783
0.3575,-0.00680678,0.0554399
0.0183333,0.000349066,0.0511753
1.08167,-0.0205949,0.049043
0.0641667,-0.00122173,0.049043
0.385,-0.00733038,0.0511753
0.495,-0.00942478,0.0511753
1.46667,0.0279253,0.0511753
2.62167,-0.0499164,0.0575722
0.55,0.010472,0.0511753
3.50167,-0.0666716,0.049043
0.0825,0.0015708,0.0533076
2.2275,0.0424115,0.0554399
2.48417,-0.0472984,0.0533076
0.210833,0.00401426,0.0511753
2.87833,-0.0548033,0.049043
2.6125,0.0497419,0.0511753
1.09083,0.0207694,0.0533076
0.7975,0.0151844,0.0511753
2.01667,-0.0383972,0.0533076
3.47417,-0.066148,0.0469106
1.98917,0.0378736,0.0533076
2.93333,-0.0558505,0.0511753
0.870833,-0.0165806,0.0511753
0.229167,-0.00436332,0.049043
1.77833,-0.0338594,0.0511753
0.669167,-0.0127409,0.0575722
1.11833,-0.021293,0.0533076
0.696667,-0.0132645,0.0575722
0.284167,-0.00541052,0.0575722
0.559167,-0.0106465,0.0533076
0.623333,-0.0118682,0.0554399
0.586667,-0.0111701,0.0533076
1.9525,-0.0371755,0.0554399
0.916667,-0.0174533,0.0533076
0.696667,-0.0132645,0.049043
4.07917,-0.0776672,0.0575722
2.13583,0.0406662,0.0511753
4.06083,-0.0773181,0.0554399
2.695,0.0513127,0.0554399
3.135,-0.0596903,0.0533076
4.55583,-0.0867429,0.0554399
3.4925,0.066497,0.0575722
2.60333,-0.0495674,0.049043
0.458333,-0.00872665,0.0597045
1.20083,-0.0228638,0.0533076
5.72,-0.108909,0.0575722
2.35583,0.044855,0.0597045
4.2075,-0.0801106,0.0554399
2.6675,0.0507891,0.0575722
1.595,0.0303687,0.0575722
0.229167,0.00436332,0.0575722
1.21,0.0230383,0.0554399
1.2375,-0.0235619,0.0554399
1.2375,-0.0235619,0.0554399
0.119167,-0.00226893,0.0533076
0.00916667,-0.000174533,0.0533076
0.33,-0.00628319,0.0575722
0.531667,0.0101229,0.0575722
0.22,0.00418879,0.0533076
1.5675,-0.0298451,0.0554399
0.696667,0.0132645,0.0597045
2.60333,-0.0495674,0.0575722
0.265833,-0.00506145,0.0597045
1.65917,-0.0315905,0.0575722
2.23667,-0.042586,0.0533076
1.8425,0.0350811,0.0554399
2.97917,-0.0567232,0.0618368
2.5025,-0.0476475,0.0597045
2.53917,0.0483456,0.0575722
2.6675,-0.0507891,0.0575722
1.815,0.0345575,0.0533076
8.69,0.165457,0.049043
7.535,0.143466,0.0554399
7.63583,0.145386,0.0575722
9.23083,0.175755,0.0575722
7.08583,0.134914,0.0533076
8.75417,0.166679,0.0597045
12.6042,0.239983,0.0554399
11.9258,0.227067,0.0575722
10.78,0.205251,0.049043
12.0083,0.228638,0.0533076
9.41417,0.179245,0.0554399
7.7275,0.147131,0.0554399
14.8683,0.283092,0.0533076
10.45,0.198968,0.0618368
8.67167,0.165108,0.0533076
6.05917,0.115366,0.0533076
0.458333,-0.00872665,0.0575722
1.1275,-0.0214675,0.0597045
1.265,0.0240855,0.0597045
4.51917,-0.0860447,0.0575722
4.76667,-0.0907571,0.0575722
3.00667,0.0572468,0.0597045
4.785,-0.0911062,0.0618368
4.24417,0.0808087,0.0575722
5.29833,-0.10088,0.0597045
0.605,0.0115192,0.0618368
2.805,0.0534071,0.0618368
2.6125,-0.0497419,0.0575722
3.30917,0.0630064,0.0575722
2.86,-0.0544543,0.0597045
2.10833,-0.0401426,0.0618368
2.93333,0.0558505,0.0618368
3.04333,-0.0579449,0.0575722
3.15333,-0.0600393,0.0639691
2.7225,0.0518363,0.0597045
0.0916667,-0.00174533,0.0554399
3.06167,-0.058294,0.0597045
3.06167,-0.058294,0.0597045
3.53833,-0.0673697,0.0554399
1.05417,-0.0200713,0.0597045
1.13667,0.0216421,0.0597045
1.8425,-0.0350811,0.0597045
0.4675,0.00890118,0.0597045
0.7425,-0.0141372,0.0575722
3.51083,-0.0668461,0.0597045
2.57583,0.0490438,0.0597045
1.97083,-0.0375246,0.0575722
3.94167,-0.0750492,0.0597045
3.00667,0.0572468,0.0575722
4.21667,-0.0802851,0.0597045
1.54,-0.0293215,0.0618368
3.06167,0.058294,0.0618368
2.2,-0.0418879,0.0618368
2.64917,0.05044,0.0597045
0.971667,0.0185005,0.0618368
2.86917,-0.0546288,0.0554399
2.43833,0.0464258,0.0575722
1.46667,-0.0279253,0.0575722
1.98,-0.0376991,0.0597045
3.55667,0.0677188,0.0639691
0.100833,-0.00191986,0.0575722
0.6875,-0.01309,0.0618368
1.68667,0.0321141,0.0597045
1.32,-0.0251327,0.0575722
0.7425,0.0141372,0.0597045
0.7975,0.0151844,0.0597045
0.944167,-0.0179769,0.0554399
0.476667,0.00907571,0.0597045
0.705833,0.013439,0.0597045
1.47583,-0.0280998,0.0597045
0.889167,0.0169297,0.0618368
0.311667,0.00593412,0.0597045
1.25583,-0.023911,0.0554399
0.77,0.0146608,0.0597045
1.25583,-0.023911,0.0618368
1.52167,-0.0289725,0.0533076
1.43,0.0272271,0.0575722
1.09083,-0.0207694,0.0661014
2.42,-0.0460767,0.0575722
2.3375,0.0445059,0.0618368
2.915,-0.0555015,0.0575722
2.57583,-0.0490438,0.0597045
1.8425,0.0350811,0.0597045
2.10833,-0.0401426,0.0597045
1.16417,-0.0221657,0.0554399
2.365,0.0450295,0.0618368
3.30917,-0.0630064,0.0597045
0.953333,0.0181514,0.0597045
1.36583,0.0260054,0.0618368
2.255,-0.0429351,0.0511753
3.00667,0.0572468,0.0554399
0.586667,0.0111701,0.0597045
0.385,0.00733038,0.0618368
1.65917,0.0315905,0.0618368
0.540833,0.0102974,0.0597045
2.68583,-0.0511381,0.0597045
2.035,0.0387463,0.0597045
0,0,0.0575722
0.0275,0.000523599,0.0618368
2.30083,0.0438078,0.0575722
1.31083,-0.0249582,0.0554399
1.65,0.0314159,0.0639691
0.999167,0.0190241,0.0597045
1.4575,-0.0277507,0.0597045
0.6875,-0.01309,0.0575722
0.055,0.0010472,0.0597045
1.2925,-0.0246091,0.0597045
0.210833,-0.00401426,0.0554399
2.3375,-0.0445059,0.0554399
0.495,0.00942478,0.0575722
0.394167,0.00750492,0.0597045
0.0275,0.000523599,0.0575722
1.32,-0.0251327,0.0575722
1.02667,0.0195477,0.0597045
0.403333,-0.00767945,0.0597045
0.751667,0.0143117,0.0597045
2.035,0.0387463,0.0575722
2.29167,-0.0436332,0.0575722
1.49417,0.0284489,0.0575722
1.33833,-0.0254818,0.0554399
1.97083,-0.0375246,0.0575722
0.0825,-0.0015708,0.0618368
1.61333,-0.0307178,0.0554399
1.86083,-0.0354302,0.0597045
1.13667,0.0216421,0.0597045
0.238333,0.00453786,0.0597045
1.5125,-0.0287979,0.0575722
0.705833,0.013439,0.0639691
0.8525,0.0162316,0.0575722
0.6325,-0.0120428,0.0575722
0.614167,0.0116937,0.0597045
0.3575,0.00680678,0.0533076
0.146667,-0.00279253,0.0618368
0.669167,0.0127409,0.0618368
0.715,-0.0136136,0.0575722
0.825,0.015708,0.0639691
0.751667,-0.0143117,0.0597045
0.293333,-0.00558505,0.0575722
1.27417,0.0242601,0.0618368
0.403333,-0.00767945,0.0597045
0.33,0.00628319,0.0597045
1.045,0.0198968,0.0618368
0.751667,-0.0143117,0.0597045
0.696667,0.0132645,0.0618368
0.44,0.00837758,0.0618368
0.623333,-0.0118682,0.0597045
0.9075,0.0172788,0.0618368
0.0275,-0.000523599,0.0597045
0.7975,-0.0151844,0.0554399
0.421667,-0.00802851,0.0575722
0.1375,-0.00261799,0.0575722
0.0183333,-0.000349066,0.0575722
0.825,0.015708,0.0618368
0.531667,0.0101229,0.0575722
0.7975,-0.0151844,0.0575722
0.293333,-0.00558505,0.0597045
0.00916667,0.000174533,0.0575722
1.28333,-0.0244346,0.0618368
0.4125,-0.00785398,0.0618368
0.22,0.00418879,0.0597045
0.8525,-0.0162316,0.0618368
1.485,0.0282743,0.0597045
0.348333,-0.00663225,0.0554399
1.045,-0.0198968,0.0575722
0.0183333,-0.000349066,0.0618368
0.33,-0.00628319,0.0597045
1.30167,-0.0247837,0.0597045
0.760833,0.0144862,0.0575722
1.06333,0.0202458,0.0618368
0.00916667,-0.000174533,0.0597045
1.19167,0.0226893,0.0575722
1.705,-0.0324631,0.0533076
1.32917,0.0253073,0.0597045
1.00833,0.0191986,0.0597045
1.52167,-0.0289725,0.0597045
1.14583,0.0218166,0.0639691
0.485833,0.00925025,0.0597045
0.806667,-0.0153589,0.0575722
0.623333,0.0118682,0.0575722
0.229167,-0.00436332,0.0597045
0.0641667,-0.00122173,0.0575722
0.1925,0.00366519,0.0575722
0.669167,-0.0127409,0.0639691
0.0641667,-0.00122173,0.0618368
0.128333,0.00244346,0.0575722
0.4675,-0.00890118,0.0639691
0.348333,0.00663225,0.0597045
0.66,0.0125664,0.0661014
0.3575,-0.00680678,0.0618368
0.320833,0.00610865,0.0575722
1.1275,0.0214675,0.0618368
0.889167,-0.0169297,0.0575722
1.16417,0.0221657,0.0597045
0.788333,0.0150098,0.0597045
0.5775,-0.0109956,0.0554399
1.21917,0.0232129,0.0597045
0.9625,0.018326,0.0639691
0.678333,-0.0129154,0.0575722
1.68667,0.0321141,0.0597045
0.705833,0.013439,0.0618368
0.0641667,-0.00122173,0.0575722
0.705833,-0.013439,0.0597045
0.559167,0.0106465,0.0597045
0.293333,0.00558505,0.0618368
0.751667,-0.0143117,0.0618368
0.751667,-0.0143117,0.0618368
1.10917,-0.0211185,0.0597045
1.30167,0.0247837,0.0618368
1.155,0.0219911,0.0661014
0.4125,-0.00785398,0.0597045
1.41167,0.0268781,0.0597045
0.403333,-0.00767945,0.0597045
0.366667,0.00698132,0.0618368
0.889167,0.0169297,0.0597045
0.293333,-0.00558505,0.0597045
0.174167,-0.00331613,0.0597045
0.22,0.00418879,0.0597045
0.238333,-0.00453786,0.0597045
0.100833,-0.00191986,0.0618368
0.9625,0.018326,0.0618368
0.0275,0.000523599,0.0618368
0.0825,0.0015708,0.0597045
0.0825,0.0015708,0.0597045
0.22,-0.00418879,0.0554399
0.00916667,-0.000174533,0.0554399
0.3025,0.00575959,0.0575722
0.4675,0.00890118,0.0618368
0.980833,-0.018675,0.0597045
1.3475,0.0256563,0.0618368
0.0366667,0.000698132,0.0597045
0.504167,-0.00959931,0.0661014
1.42083,0.0270526,0.0618368
0.5775,0.0109956,0.0597045
1.1,-0.020944,0.0575722
1.32,0.0251327,0.0597045
0.568333,-0.010821,0.0575722
0.265833,-0.00506145,0.0575722
0.788333,0.0150098,0.0639691
0.100833,0.00191986,0.0597045
0.385,0.00733038,0.0618368
0.394167,0.00750492,0.0618368
0.504167,-0.00959931,0.0618368
1.36583,0.0260054,0.0639691
1.22833,0.0233874,0.0575722
1.00833,-0.0191986,0.0533076
0.183333,-0.00349066,0.0618368
0.6875,0.01309,0.0554399
1.1,-0.020944,0.0618368
1.72333,0.0328122,0.0639691
0.476667,-0.00907571,0.0597045
0.0366667,-0.000698132,0.0618368
0.935,0.0178024,0.0661014
0.889167,-0.0169297,0.0597045
0.275,0.00523599,0.0618368
0.0183333,0.000349066,0.0575722
0.641667,-0.0122173,0.0597045
0.605,0.0115192,0.0597045
0.5775,0.0109956,0.0618368
0.724167,-0.0137881,0.0575722
0.843333,0.016057,0.0575722
0.861667,0.0164061,0.0618368
0.348333,-0.00663225,0.0597045
1.155,0.0219911,0.0597045
1.16417,0.0221657,0.0597045
1.49417,-0.0284489,0.0575722
1.8425,0.0350811,0.0597045
1.8425,0.0350811,0.0597045
1.4025,-0.0267035,0.0597045
1.43917,0.0274017,0.0575722
0.4675,0.00890118,0.0618368
0.5775,0.0109956,0.0618368
1.16417,0.0221657,0.0597045
0.944167,-0.0179769,0.0597045
1.57667,-0.0300197,0.0575722
1.0725,0.0204204,0.0575722
0.485833,-0.00925025,0.0597045
1.55833,0.0296706,0.0618368
0.11,0.0020944,0.0618368
0.348333,-0.00663225,0.0575722
0.375833,-0.00715585,0.0661014
1.11833,0.021293,0.0639691
0.843333,-0.016057,0.0597045
0.476667,0.00907571,0.0618368
1.1275,-0.0214675,0.0597045
1.11833,-0.021293,0.0575722
1.17333,0.0223402,0.0639691
0.100833,-0.00191986,0.0597045
0.715,0.0136136,0.0597045
0.128333,0.00244346,0.0597045
0.531667,-0.0101229,0.0597045
0.815833,0.0155334,0.0618368
0.595833,0.0113446,0.0618368
0.201667,-0.00383972,0.0575722
0.540833,0.0102974,0.0575722
0.4125,0.00785398,0.0639691
0.5225,-0.00994838,0.0597045
0.595833,-0.0113446,0.0597045
0.504167,0.00959931,0.0639691
0.3025,0.00575959,0.0597045
0.22,-0.00418879,0.0618368
1.30167,0.0247837,0.0639691
1.19167,-0.0226893,0.0597045
0.256667,0.00488692,0.0597045
0.760833,0.0144862,0.0597045
0.669167,-0.0127409,0.0597045
0.531667,0.0101229,0.0575722
1.2375,0.0235619,0.0575722
0.751667,-0.0143117,0.0618368
0.99,0.0188496,0.0597045
0.696667,0.0132645,0.0597045
0.210833,0.00401426,0.0597045
0.806667,0.0153589,0.0597045
0.348333,0.00663225,0.0597045
1.49417,-0.0284489,0.0575722
0.77,0.0146608,0.0597045
0.183333,-0.00349066,0.0575722
1.4575,-0.0277507,0.0597045
1.16417,0.0221657,0.0575722
0.1925,0.00366519,0.0618368
1.47583,-0.0280998,0.0597045
1.25583,0.023911,0.0575722
1.02667,-0.0195477,0.0597045
0.4125,-0.00785398,0.0618368
0.55,0.010472,0.0618368
0.449167,-0.00855211,0.0575722
0.595833,0.0113446,0.0575722
0.4125,0.00785398,0.0618368
0.806667,-0.0153589,0.0597045
0.33,0.00628319,0.0575722
0.229167,-0.00436332,0.0618368
0.385,-0.00733038,0.0575722
0.614167,0.0116937,0.0639691
0.66,0.0125664,0.0597045
1.0175,-0.0193732,0.0597045
0.9075,0.0172788,0.0682337
0.815833,0.0155334,0.0575722
1.0175,-0.0193732,0.0575722
1.98,-0.0376991,0.0597045
0.100833,-0.00191986,0.0597045
0.614167,-0.0116937,0.0554399
0.815833,0.0155334,0.0618368
1.30167,0.0247837,0.0575722
0.430833,-0.00820305,0.0575722
0.898333,0.0171042,0.0618368
1.05417,0.0200713,0.0618368
0.385,-0.00733038,0.0597045
0.559167,0.0106465,0.0618368
0.0183333,0.000349066,0.0597045
0.100833,0.00191986,0.0597045
0.275,0.00523599,0.0597045
0.559167,0.0106465,0.0597045
0.540833,-0.0102974,0.0597045
0.3025,0.00575959,0.0661014
0.366667,0.00698132,0.0597045
1.39333,-0.026529,0.0554399
0.724167,0.0137881,0.0661014
1.58583,-0.0301942,0.0597045
0.421667,-0.00802851,0.0575722
1.21,0.0230383,0.0597045
0.476667,-0.00907571,0.0597045
0.595833,-0.0113446,0.0575722
0.476667,0.00907571,0.0618368
0.293333,-0.00558505,0.0597045
0.7975,0.0151844,0.0639691
0.449167,0.00855211,0.0618368
0.165,-0.00314159,0.0639691
0,0,0.0554399
0.146667,0.00279253,0.0639691
0.0916667,-0.00174533,0.0661014
0.238333,-0.00453786,0.0618368
0.146667,0.00279253,0.0639691
0.614167,-0.0116937,0.049043
10.285,-0.195826,0.0298522
6.09583,-0.116064,0.0127938
9.63417,-0.183434,0.0191907
9.71667,-0.185005,0.0191907
8.24083,-0.156905,0.0127938
10.8533,-0.206647,0.0191907
7.65417,-0.145735,0.0106615
7.69083,-0.146433,0.0127938
10.0833,-0.191986,0.0170584
10.0833,-0.191986,0.0170584
9.42333,-0.17942,0.0191907
8.1125,-0.154462,0.0149261
5.9125,-0.112574,0.00852921
9.955,-0.189543,0.0170584
9.16667,-0.174533,0.0106615
9.11167,-0.173486,0.0106615
9.79,-0.186401,0.0106615
9.68917,-0.184481,0.0106615
11.5775,-0.220435,0.0234553
10.5325,-0.200538,0.0298522
5.13333,-0.0977384,0.0447783
5.82083,-0.110828,0.0597045
7.02167,-0.133692,0.042646
0.650833,0.0123918,0.0447783
8.06667,-0.153589,0.0405137
3.17167,-0.0603884,0.0511753
1.9525,-0.0371755,0.0469106
6.1325,-0.116763,0.0469106
0.201667,0.00383972,0.0469106
7.1775,-0.136659,0.0447783
0.449167,-0.00855211,0.049043
2.29167,-0.0436332,0.0469106
5.72917,-0.109083,0.0511753
0.641667,-0.0122173,0.0511753
3.06167,-0.058294,0.0447783
5.15167,-0.0980875,0.0447783
0.265833,-0.00506145,0.0533076
2.75917,-0.0525344,0.049043
5.3075,-0.101055,0.0554399
1.155,-0.0219911,0.049043
5.0325,-0.0958186,0.0447783
5.0325,-0.0958186,0.0447783
0.980833,-0.018675,0.0533076
4.94083,-0.0940732,0.0511753
4.94083,-0.0940732,0.0511753
0.485833,-0.00925025,0.049043
6.105,-0.116239,0.0511753
1.155,0.0219911,0.0533076
5.10583,-0.0972148,0.0469106
3.44667,-0.0656244,0.049043
0.825,-0.015708,0.0511753
4.28083,-0.0815069,0.0554399
1.64083,-0.0312414,0.0511753
0.183333,0.00349066,0.0511753
4.76667,-0.0907571,0.0554399
1.1275,0.0214675,0.0533076
2.65833,-0.0506145,0.049043
4.32667,-0.0823795,0.0511753
0.77,-0.0146608,0.0511753
0.834167,-0.0158825,0.049043
5.61,-0.106814,0.0533076
1.25583,0.023911,0.0554399
4.95917,-0.0944223,0.0511753
2.23667,-0.042586,0.0554399
1.2375,-0.0235619,0.0575722
4.61083,-0.0877901,0.0533076
0.715,-0.0136136,0.0597045
1.265,-0.0240855,0.0533076
2.73167,-0.0520108,0.0533076
1.8975,-0.0361283,0.0511753
0.4125,0.00785398,0.0554399
0.229167,-0.00436332,0.0533076
4.5375,0.0863938,0.0533076
2.68583,0.0511381,0.0575722
7.04,0.134041,0.0511753
11.3483,0.216072,0.0554399
6.37083,0.1213,0.0533076
12.1183,0.230733,0.0511753
7.87417,0.149924,0.0533076
4.72083,0.0898845,0.0533076
11.5408,0.219737,0.0533076
4.99583,0.0951204,0.0597045
12.0358,0.229162,0.0554399
9.35917,0.178198,0.0511753
4.84,0.0921534,0.0554399
9.46,0.180118,0.0511753
13.0533,0.248535,0.0554399
8.32333,0.158476,0.0575722
9.64333,0.183609,0.0554399
3.06167,0.058294,0.0618368
1.1825,0.0225147,0.0597045
0.0366667,0.000698132,0.0597045
0.22,0.00418879,0.0575722
0.476667,0.00907571,0.0341168
5.12417,-0.0975639,0.0511753
2.82333,0.0537561,0.0511753
3.63,-0.069115,0.0618368
2.10833,-0.0401426,0.0554399
0.128333,-0.00244346,0.0554399
2.5575,-0.0486947,0.0554399
2.18167,0.0415388,0.0533076
2.45667,0.0467748,0.0554399
3.84083,-0.0731293,0.0554399
1.98917,0.0378736,0.0575722
2.15417,-0.0410152,0.0511753
3.64833,0.0694641,0.0554399
0.11,0.0020944,0.0533076
3.15333,-0.0600393,0.0511753
3.15333,-0.0600393,0.0511753
3.56583,-0.0678933,0.0533076
3.39167,0.0645772,0.0597045
1.42083,0.0270526,0.0575722
3.52917,-0.0671952,0.0575722
1.83333,0.0349066,0.0575722
1.43917,-0.0274017,0.0554399
0.980833,-0.018675,0.0597045
0.0366667,-0.000698132,0.0597045
1.7325,-0.0329867,0.0597045
1.4025,0.0267035,0.0554399
0.366667,0.00698132,0.0575722
0.99,0.0188496,0.0575722
2.4475,0.0466003,0.0469106
3.84083,0.0731293,0.0554399
9.00167,0.171391,0.0575722
10.8717,0.206996,0.0575722
11.9992,0.228464,0.0533076
11.4675,0.218341,0.0575722
11.3667,0.216421,0.0575722
12.9892,0.247313,0.0554399
8.13083,0.154811,0.0575722
9.47833,0.180467,0.0554399
12.32,0.234572,0.0575722
10.5417,0.200713,0.0639691
11.3208,0.215548,0.0597045
12.6775,0.241379,0.0575722
11.2383,0.213977,0.0575722
5.49083,0.104545,0.0533076
0.815833,0.0155334,0.0533076
0.0733333,0.00139626,0.0618368
0.751667,-0.0143117,0.0554399
0.0275,0.000523599,0.0597045
1.2375,0.0235619,0.0554399
1.21,-0.0230383,0.0597045
1.06333,0.0202458,0.0554399
1.24667,0.0237365,0.0554399
1.03583,-0.0197222,0.0618368
0.0275,0.000523599,0.0554399
0.403333,0.00767945,0.0575722
0.6875,-0.01309,0.0597045
2.38333,0.0453786,0.0575722
0.870833,-0.0165806,0.0533076
1.045,-0.0198968,0.0618368
2.40167,0.0457276,0.0533076
2.59417,-0.0493928,0.0597045
1.045,0.0198968,0.0597045
0.889167,-0.0169297,0.0575722
1.93417,-0.0368264,0.0618368
1.6775,0.0319395,0.0554399
1.6775,0.0319395,0.0554399
0.925833,-0.0176278,0.0597045
1.20083,0.0228638,0.0575722
0.33,-0.00628319,0.0575722
0.201667,0.00383972,0.0554399
0.1375,-0.00261799,0.0575722
1.3475,-0.0256563,0.0554399
1.05417,0.0200713,0.0575722
1.43,-0.0272271,0.0575722
1.32917,-0.0253073,0.0597045
0.0641667,-0.00122173,0.0597045
1.24667,0.0237365,0.0597045
0.889167,-0.0169297,0.0575722
1.03583,0.0197222,0.0575722
1.3475,0.0256563,0.0575722
1.1825,-0.0225147,0.0618368
1.54,0.0293215,0.0554399
1.485,0.0282743,0.0533076
0.724167,-0.0137881,0.0597045
1.66833,0.031765,0.049043
2.0625,-0.0392699,0.0618368
0.825,0.015708,0.0511753
1.0725,0.0204204,0.0554399
1.485,-0.0282743,0.0597045
1.11833,-0.021293,0.0597045
0.375833,-0.00715585,0.0575722
2.145,-0.0408407,0.0597045
2.3375,0.0445059,0.0554399
2.3375,0.0445059,0.0554399
2.365,-0.0450295,0.0597045
1.54,0.0293215,0.0597045
1.8425,-0.0350811,0.0575722
0.238333,0.00453786,0.0597045
0.1375,-0.00261799,0.0575722
1.28333,-0.0244346,0.0597045
1.94333,0.037001,0.0554399
1.65,-0.0314159,0.0618368
2.07167,0.0394444,0.0554399
2.2,0.0418879,0.0533076
2.2275,-0.0424115,0.0597045
2.70417,0.0514872,0.0575722
1.79667,0.0342085,0.0575722
1.375,-0.0261799,0.0597045
1.9525,0.0371755,0.0554399
0.165,-0.00314159,0.0575722
0.165,-0.00314159,0.0575722
1.57667,0.0300197,0.0575722
0.0825,-0.0015708,0.0575722
0.559167,0.0106465,0.0618368
1.60417,0.0305433,0.0597045
1.97083,-0.0375246,0.0575722
1.32,0.0251327,0.0575722
1.83333,-0.0349066,0.0597045
1.88833,-0.0359538,0.0661014
2.20917,-0.0420624,0.0618368
0.77,-0.0146608,0.0618368
1.72333,0.0328122,0.0575722
0.0733333,-0.00139626,0.0554399
0.385,0.00733038,0.0597045
3.04333,0.0579449,0.0575722
2.81417,-0.0535816,0.0639691
0.935,0.0178024,0.0597045
2.81417,0.0535816,0.0575722
2.13583,-0.0406662,0.0575722
1.925,0.0366519,0.0575722
3.96917,0.0755728,0.0554399
3.685,-0.0701622,0.0554399
3.685,0.0701622,0.0533076
1.2375,-0.0235619,0.0575722
3.85917,-0.0734784,0.0618368
4.015,0.0764454,0.0597045
3.85917,-0.0734784,0.0618368
0.77,-0.0146608,0.0618368
2.95167,-0.0561996,0.0597045
2.8325,-0.0539307,0.0618368
1.31083,0.0249582,0.0575722
0.980833,0.018675,0.0618368
3.59333,-0.0684169,0.0597045
1.30167,0.0247837,0.0575722
0.0733333,0.00139626,0.0597045
0.825,0.015708,0.0554399
2.31,0.0439823,0.0554399
1.98,0.0376991,0.0597045
0.421667,-0.00802851,0.0639691
2.0625,0.0392699,0.0639691
1.76,-0.0335103,0.0597045
1.30167,-0.0247837,0.0618368
0.6325,0.0120428,0.0575722
0.595833,-0.0113446,0.0575722
1.1825,-0.0225147,0.0618368
2.20917,0.0420624,0.0618368
2.15417,-0.0410152,0.0597045
1.05417,-0.0200713,0.0618368
1.63167,0.0310669,0.0597045
2.86,-0.0544543,0.0639691
2.86,-0.0544543,0.0639691
2.4475,0.0466003,0.0597045
0.715,-0.0136136,0.0618368
2.63083,0.0500909,0.0554399
0.4125,-0.00785398,0.0554399
3.8775,-0.0738274,0.0597045
2.93333,0.0558505,0.0554399
1.06333,0.0202458,0.0597045
4.30833,-0.0820305,0.0639691
1.31083,0.0249582,0.0575722
3.97833,-0.0757473,0.0554399
2.54833,-0.0485202,0.0661014
2.52083,0.0479966,0.0575722
3.6575,-0.0696386,0.0575722
1.1,-0.020944,0.0639691
1.54917,0.0294961,0.0597045
2.93333,-0.0558505,0.0639691
0.403333,0.00767945,0.0597045
0.275,0.00523599,0.0597045
2.7775,-0.0528835,0.0597045
2.21833,0.042237,0.0554399
1.35667,-0.0258309,0.0533076
0.320833,-0.00610865,0.0618368
2.035,0.0387463,0.0575722
1.21,-0.0230383,0.0597045
1.21,-0.0230383,0.0597045
2.0625,0.0392699,0.0618368
1.85167,-0.0352557,0.0597045
2.0625,-0.0392699,0.0618368
1.19167,0.0226893,0.0597045
2.02583,-0.0385718,0.0618368
2.41083,0.0459022,0.0618368
0.183333,-0.00349066,0.0597045
2.81417,-0.0535816,0.0618368
1.50333,-0.0286234,0.0639691
0.971667,-0.0185005,0.0554399
2.90583,-0.0553269,0.0618368
0.531667,-0.0101229,0.0597045
3.03417,0.0577704,0.0618368
3.20833,-0.0610865,0.0618368
0.366667,-0.00698132,0.0618368
2.76833,0.0527089,0.0618368
2.97,-0.0565487,0.0618368
3.09833,-0.0589921,0.0575722
1.27417,0.0242601,0.0682337
9.79917,0.186576,0.0575722
12.9708,0.246964,0.0618368
10.6425,0.202633,0.0511753
18.7367,0.356745,0.0533076
18.7367,0.356745,0.0533076
8.43333,0.16057,0.049043
12.54,0.238761,0.0554399
13.7958,0.262672,0.0618368
8.70833,0.165806,0.0554399
13.6492,0.25988,0.0597045
12.6592,0.24103,0.0597045
7.52583,0.143292,0.0597045
15.125,0.287979,0.0575722
14.2358,0.27105,0.0597045
12.0908,0.230209,0.0533076
15.9133,0.302989,0.0575722
11.9808,0.228115,0.0618368
9.7075,0.18483,0.0575722
14.3642,0.273493,0.0575722
14.6942,0.279776,0.0575722
7.03083,0.133867,0.0575722
14.9508,0.284663,0.0597045
13.97,0.265988,0.0533076
13.1267,0.249931,0.0575722
13.3283,0.253771,0.0575722
12.32,0.234572,0.0533076
11.6325,0.221482,0.0554399
13.3008,0.253247,0.0533076
11.5225,0.219388,0.0554399
11.5225,0.219388,0.0554399
13.0625,0.248709,0.0554399
13.9242,0.265116,0.0597045
11.4583,0.218166,0.0554399
12.54,0.238761,0.0575722
16.555,0.315206,0.0597045
13.86,0.263894,0.0639691
12.4117,0.236318,0.0597045
16.2067,0.308574,0.0597045
14.6667,0.279253,0.0405137
4.76667,0.0907571,0.0277199
1.30167,0.0247837,0.00852921
0,0,0
0,0,0
0,0,0
0.504167,0.00959931,0
0,0,0
0,0,0
0,0,0
0,0,0
0.284167,0.00541052,0.0042646
9.2675,0.176453,0.0405137
16.4633,0.313461,0.0405137
2.71333,0.0516617,0.0277199
5.21583,0.0993092,0.0319845
1.925,-0.0366519,0.0319845
0.779167,0.0148353,0.0383814
0.815833,-0.0155334,0.0511753
0.366667,-0.00698132,0.0234553
1.94333,0.037001,0.0405137
2.29167,-0.0436332,0.0362491
3.0525,0.0581195,0.0319845
0.5225,-0.00994838,0.0383814
0.229167,-0.00436332,0.0383814
1.54,0.0293215,0.0383814
2.365,-0.0450295,0.0405137
2.95167,0.0561996,0.0383814
1.32917,-0.0253073,0.0405137
0.9075,0.0172788,0.0362491
0.724167,-0.0137881,0.0405137
1.85167,-0.0352557,0.0405137
0.1925,0.00366519,0.0405137
1.31083,-0.0249582,0.0405137
2.26417,0.0431096,0.0469106
1.9525,-0.0371755,0.0447783
2.63083,0.0500909,0.0383814
0.834167,-0.0158825,0.042646
0.834167,-0.0158825,0.042646
0.155833,-0.00296706,0.0405137
1.7325,0.0329867,0.042646
0.229167,-0.00436332,0.0405137
1.14583,0.0218166,0.0447783
0.256667,-0.00488692,0.042646
1.22833,-0.0233874,0.0447783
6.59083,0.125489,0.0405137
7.7825,0.148178,0.049043
9.93667,0.189194,0.042646
15.2167,0.289725,0.0405137
12.8883,0.245393,0.0383814
10.8625,0.206822,0.0383814
9.44167,0.179769,0.049043
11.2017,0.213279,0.049043
13.0442,0.24836,0.0447783
11.3392,0.215897,0.042646
11.7333,0.223402,0.0405137
13.3558,0.254294,0.0469106
11.5408,0.219737,0.0447783
13.7683,0.262148,0.0341168
2.53,0.0481711,0.0042646
6.75583,0.128631,0
0.705833,0.013439,0
0,0,0
1.76917,0.0336849,0.0042646
1.76917,0.0336849,0.0042646
13.6767,0.260403,0.0383814
13.09,0.249233,0.0341168
13.365,0.254469,0.0298522
10.1108,0.19251,0.0362491
12.5492,0.238936,0.0319845
12.32,0.234572,0.0362491
9.23083,0.175755,0.0341168
13.0442,0.24836,0.0362491
11.8067,0.224798,0.0362491
9.9,0.188496,0.021323
6.5725,0.12514,0.021323
2.53917,0.0483456,0
0.476667,-0.00907571,0
0.724167,0.0137881,0
0,0,0
0.5775,0.0109956,0
0,0,0
0,0,0
0,0,0
0,0,0
0,0,0
0,0,0
0.0183333,0.000349066,0
0,0,-0.00639691
0.806667,-0.0153589,-0.021323
0.146667,-0.00279253,-0.0277199
0.165,-0.00314159,-0.0298522
0.394167,0.00750492,-0.0191907
0.0641667,-0.00122173,-0.0191907
5.49083,0.104545,-0.0277199
4.54667,0.0865683,-0.0319845
10.0375,0.191114,-0.0341168
10.1108,0.19251,-0.0319845
10.9358,0.208218,-0.0255876
11.6967,0.222704,-0.0277199
11.44,0.217817,-0.0277199
11.44,0.217817,-0.0277199
10.7433,0.204553,-0.0298522
12.6775,0.241379,-0.0298522
9.845,0.187448,-0.0362491
11.5958,0.220784,-0.0319845
11.9258,0.227067,-0.0319845
8.03,0.152891,-0.0341168
12.0542,0.229511,-0.0341168
11.3483,0.216072,-0.0405137
10.5692,0.201236,-0.0341168
10.3675,0.197397,-0.0362491
13.4658,0.256389,-0.0362491
11.7975,0.224624,-0.0362491
12.3658,0.235445,-0.0341168
13.5025,0.257087,-0.0362491
12.9983,0.247488,-0.0362491
11.5867,0.22061,-0.0341168
4.65667,0.0886627,-0.0447783
2.31,0.0439823,-0.049043
0.980833,0.018675,-0.0341168
0.3025,-0.00575959,-0.0447783
0.5775,0.0109956,-0.0383814
0.944167,0.0179769,-0.0383814
0.595833,0.0113446,-0.0405137
0.265833,0.00506145,-0.0469106
0.650833,0.0123918,-0.0447783
0.779167,0.0148353,-0.0469106
0.22,0.00418879,-0.0469106
0.605,0.0115192,-0.0447783
0.339167,-0.00645772,-0.0447783
1.05417,0.0200713,-0.0405137
0.88,-0.0167552,-0.049043
0.4675,0.00890118,-0.042646
0.696667,-0.0132645,-0.0533076
0.0733333,0.00139626,-0.0447783
0.0825,-0.0015708,-0.042646
0.595833,0.0113446,-0.0405137
0.174167,-0.00331613,-0.0469106
0.815833,0.0155334,-0.0469106
1.05417,0.0200713,-0.0447783
0.999167,0.0190241,-0.0469106
1.77833,-0.0338594,-0.0447783
1.77833,-0.0338594,-0.0447783
0.366667,0.00698132,-0.0533076
1.47583,0.0280998,-0.0405137
11.1833,0.21293,-0.0447783
12.9067,0.245742,-0.049043
11.55,0.219911,-0.0341168
10.78,0.205251,-0.0383814
3.61167,0.068766,-0.021323
1.41167,-0.0268781,-0.0021323
0.495,0.00942478,0
0,0,0
0,0,0
0,0,0
0,0,0
0,0,0
0,0,0
0,0,0
0,0,0
0,0,0
0,0,0
0,0,0
0,0,0
0,0,0
0,0,0
0,0,0
0,0,0
0.0183333,-0.000349066,-0.0127938
6.78333,0.129154,-0.0362491
9.11167,0.173486,-0.0341168
9.11167,0.173486,-0.0341168
10.89,0.207345,-0.0127938
6.4625,0.123046,-0.0149261
0.678333,-0.0129154,-0.0298522
0.724167,-0.0137881,-0.0255876
1.22833,0.0233874,-0.0383814
0.504167,-0.00959931,-0.0341168
0.55,-0.010472,-0.0341168
0.1375,-0.00261799,-0.0362491
0.430833,0.00820305,-0.0298522
0.724167,-0.0137881,-0.0298522
2.08083,0.039619,-0.0341168
1.22833,-0.0233874,-0.0298522
0.971667,-0.0185005,-0.0362491
1.54,0.0293215,-0.0383814
0.696667,-0.0132645,-0.0298522
0.889167,-0.0169297,-0.0405137
2.145,-0.0408407,-0.0341168
1.21,-0.0230383,-0.0405137
2.13583,0.0406662,-0.0362491
1.39333,-0.026529,-0.0341168
0.77,0.0146608,-0.0383814
0.925833,-0.0176278,-0.0319845
1.485,0.0282743,-0.0405137
1.36583,0.0260054,-0.042646
2.12667,-0.0404916,-0.0383814
1.77833,0.0338594,-0.0405137
1.925,-0.0366519,-0.0341168
0.9075,0.0172788,-0.0405137
2.1175,-0.0403171,-0.0362491
1.11833,0.021293,-0.042646
0.1925,-0.00366519,-0.0362491
0.678333,-0.0129154,-0.0447783
1.94333,0.037001,-0.042646
0.944167,-0.0179769,-0.0383814
0.99,0.0188496,-0.0405137
0.99,-0.0188496,-0.042646
2.31917,0.0441568,-0.0405137
1.36583,-0.0260054,-0.042646
1.61333,0.0307178,-0.042646
1.09083,-0.0207694,-0.0405137
1.42083,0.0270526,-0.042646
1.925,-0.0366519,-0.0383814
1.86083,0.0354302,-0.0469106
1.99833,-0.0380482,-0.0405137
0.495,0.00942478,-0.049043
0.6875,0.01309,-0.0447783
0.22,0.00418879,-0.0469106
0.6325,-0.0120428,-0.0383814
1.10917,0.0211185,-0.0469106
0.5775,-0.0109956,-0.0405137
1.76,0.0335103,-0.049043
0.980833,-0.018675,-0.042646
2.09917,0.039968,-0.049043
2.02583,-0.0385718,-0.0469106
1.63167,0.0310669,-0.0533076
1.595,-0.0303687,-0.0469106
0.760833,0.0144862,-0.0533076
1.58583,-0.0301942,-0.049043
0.815833,0.0155334,-0.0533076
1.33833,-0.0254818,-0.049043
0.7975,0.0151844,-0.0511753
0.1375,-0.00261799,-0.049043
0.0825,0.0015708,-0.042646
0.2475,0.00471239,-0.049043
0.779167,-0.0148353,-0.0469106
1.02667,-0.0195477,-0.0469106
0.504167,-0.00959931,-0.0469106
0.504167,0.00959931,-0.0554399
1.595,-0.0303687,-0.0469106
0.00916667,0.000174533,-0.0554399
1.50333,-0.0286234,-0.0469106
0.495,-0.00942478,-0.0554399
0.861667,-0.0164061,-0.0511753
0.0366667,-0.000698132,-0.049043
0.925833,-0.0176278,-0.0554399
0.375833,-0.00715585,-0.0447783
0.4125,-0.00785398,-0.0533076
1.09083,-0.0207694,-0.049043
1.98917,0.0378736,-0.0533076
1.5125,-0.0287979,-0.0554399
0.935,0.0178024,-0.0469106
1.05417,-0.0200713,-0.0511753
0.815833,0.0155334,-0.0533076
0.531667,0.0101229,-0.0533076
0.935,-0.0178024,-0.0533076
1.1825,0.0225147,-0.0575722
1.96167,-0.03735,-0.0533076
0.586667,0.0111701,-0.0575722
1.925,-0.0366519,-0.0511753
0.394167,0.00750492,-0.0533076
0.00916667,0.000174533,-0.0533076
0.238333,-0.00453786,-0.0511753
0.155833,-0.00296706,-0.0575722
1.49417,-0.0284489,-0.0533076
1.19167,0.0226893,-0.0511753
0.751667,-0.0143117,-0.0511753
0.513333,-0.00977384,-0.0533076
0.183333,-0.00349066,-0.0554399
1.22833,-0.0233874,-0.049043
0.513333,-0.00977384,-0.0618368
1.38417,0.0263545,-0.0554399
0.7975,-0.0151844,-0.049043
0.0183333,-0.000349066,-0.0618368
2.3925,-0.0455531,-0.049043
2.0625,0.0392699,-0.0618368
1.045,-0.0198968,-0.0533076
2.70417,-0.0514872,-0.0554399
5.89417,-0.112225,-0.0597045
12.54,-0.238761,-0.0511753
11.9167,-0.226893,-0.0511753
10.2942,-0.196,-0.0533076
7.21417,-0.137357,-0.0597045
13.7133,-0.261101,-0.0533076
11.7333,-0.223402,-0.0554399
9.34083,-0.177849,-0.0597045
12.3933,-0.235969,-0.0511753
12.9433,-0.24644,-0.0511753
9.44167,-0.179769,-0.0597045
11.0642,-0.210661,-0.0405137
6.7925,-0.129329,-0.0405137
2.08083,-0.039619,-0.0661014
0.2475,0.00471239,-0.049043
4.29,0.0816814,-0.0554399
7.3425,0.139801,-0.0533076
8.3325,0.15865,-0.0575722
13.0075,0.247662,-0.0469106
8.94667,0.170344,-0.0554399
8.21333,0.156382,-0.0554399
12.155,0.231431,-0.0533076
10.3858,0.197746,-0.0575722
9.90917,0.18867,-0.0554399
12.0175,0.228813,-0.0533076
10.12,0.192684,-0.0554399
10.395,0.19792,-0.0533076
11.3117,0.215374,-0.0511753
12.0542,0.229511,-0.0511753
9.91833,0.188845,-0.0597045
12.6317,0.240506,-0.0533076
13.6125,0.259181,-0.0533076
8.76333,0.166853,-0.0639691
12.5308,0.238587,-0.0554399
13.7867,0.262498,-0.0447783
9.60667,0.182911,-0.0383814
2.2,0.0418879,-0.00639691
3.19917,0.060912,-0.0106615
0.696667,-0.0132645,0
0,0,0
0.385,-0.00733038,0
0,0,0
0,0,0
0,0,0
0.183333,-0.00349066,0
0.8525,0.0162316,-0.00639691
0.0458333,-0.000872665,-0.0255876
1.25583,0.023911,-0.0277199
2.49333,-0.047473,-0.0255876
0.843333,0.016057,-0.0362491
1.21,0.0230383,-0.0362491
1.74167,-0.0331613,-0.0383814
0.7425,0.0141372,-0.0319845
0.595833,-0.0113446,-0.0405137
1.485,-0.0282743,-0.0341168
1.2375,0.0235619,-0.0362491
1.49417,-0.0284489,-0.0362491
0.559167,-0.0106465,-0.0362491
0.705833,0.013439,-0.0383814
1.10917,-0.0211185,-0.0383814
1.10917,-0.0211185,-0.0383814
1.57667,-0.0300197,-0.0383814
0.0458333,0.000872665,-0.0341168
1.1825,0.0225147,-0.0383814
0.724167,-0.0137881,-0.0362491
2.365,0.0450295,-0.0319845
1.1825,-0.0225147,-0.0362491
2.90583,-0.0553269,-0.042646
0.155833,-0.00296706,-0.0383814
2.5025,-0.0476475,-0.0405137
1.6775,0.0319395,-0.0405137
2.30083,-0.0438078,-0.0447783
3.465,0.0659734,-0.0405137
2.40167,-0.0457276,-0.0405137
2.40167,-0.0457276,-0.0405137
1.10917,-0.0211185,-0.0405137
0.155833,0.00296706,-0.0341168
0.889167,-0.0169297,-0.042646
2.695,-0.0513127,-0.0469106
1.5675,0.0298451,-0.0447783
2.89667,-0.0551524,-0.0447783
1.46667,0.0279253,-0.042646
2.56667,-0.0488692,-0.042646
2.53,0.0481711,-0.0447783
3.245,-0.0617847,-0.0447783
2.74083,0.0521853,-0.0405137
2.4475,-0.0466003,-0.0469106
2.15417,0.0410152,-0.0383814
2.51167,-0.047822,-0.0469106
2.51167,-0.047822,-0.0469106
2.51167,-0.047822,-0.0469106
0.595833,-0.0113446,-0.049043
9.46,-0.180118,-0.049043
13.6308,-0.25953,-0.042646
10.8442,-0.206472,-0.042646
12.1183,-0.230733,-0.042646
10.6608,-0.202982,-0.042646
12.2283,-0.232827,-0.042646
11.8158,-0.224973,-0.042646
11.8158,-0.224973,-0.042646
11.6875,-0.222529,-0.0469106
10.3492,-0.197048,-0.049043
11.0825,-0.21101,-0.0447783
13.4475,-0.25604,-0.0447783
14.2725,-0.271748,-0.049043
9.6525,-0.183783,-0.0533076
10.4408,-0.198793,-0.0319845
7.96583,-0.151669,0
2.04417,-0.0389208,-0.0234553
2.70417,-0.0514872,0
0,0,0
0.9625,-0.018326,0
0.339167,0.00645772,0
0.669167,-0.0127409,-0.0170584
0.669167,-0.0127409,-0.0170584
10.7342,-0.204378,-0.0298522
14.7583,-0.280998,-0.0255876
11.8983,-0.226544,-0.0319845
12.8517,-0.244695,-0.0298522
12.2283,-0.232827,-0.0319845
13.2092,-0.251502,-0.0298522
12.3567,-0.23527,-0.0319845
12.1092,-0.230558,-0.0319845
12.6408,-0.240681,-0.0362491
11.0275,-0.209963,-0.0362491
11.3942,-0.216944,-0.0341168
11.8617,-0.225846,-0.0383814
9.30417,-0.177151,-0.0383814
12.0908,-0.230209,-0.0383814
12.6867,-0.241554,-0.0277199
4.8675,-0.092677,-0.0021323
0.77,-0.0146608,0
1.1825,-0.0225147,0
0.779167,0.0148353,0
0,0,0
0.256667,0.00488692,-0.0021323
5.61917,-0.106989,-0.0127938
9.60667,-0.182911,-0.0234553
12.87,-0.245044,-0.0298522
11.9808,-0.228115,-0.0255876
12.6867,-0.241554,-0.0106615
4.08833,-0.0778417,0
3.31833,-0.0631809,-0.0021323
0.449167,-0.00855211,-0.0170584
9.90917,-0.18867,-0.0298522
12.7325,-0.242426,-0.0319845
11.8983,-0.226544,-0.0362491
11.4217,-0.217468,-0.0383814
11.5225,-0.219388,-0.0362491
11.0458,-0.210312,-0.0341168
11.2475,-0.214152,-0.0341168
13.7592,-0.261974,-0.0341168
10.7983,-0.2056,-0.0383814
12.595,-0.239808,-0.0362491
14.1992,-0.270352,-0.0383814
8.2225,-0.156556,-0.00639691
3.59333,-0.0684169,-0.0149261
0.0733333,-0.00139626,-0.0021323
0.0275,0.000523599,-0.021323
5.50917,0.104894,-0.0319845
13.4567,0.256214,-0.0341168
13.4567,0.256214,-0.0341168
6.85667,0.130551,-0.0383814
10.5875,0.201586,-0.0362491
8.26833,0.157429,-0.0405137
11.495,0.218864,-0.0383814
11.3392,0.215897,-0.0341168
10.2575,0.195302,-0.0383814
8.02083,0.152716,-0.0383814
11.0183,0.209789,-0.0447783
8.4975,0.161792,-0.0405137
10.12,0.192684,-0.0383814
11,0.20944,-0.0255876
7.07667,0.134739,0
0.485833,-0.00925025,0
0,0,0
0,0,0
0.055,0.0010472,0
0.128333,0.00244346,-0.0106615
1.65,-0.0314159,-0.0383814
0.696667,-0.0132645,-0.0383814
1.06333,0.0202458,-0.0170584
0.421667,0.00802851,-0.0341168
0.421667,0.00802851,-0.0341168
0.174167,0.00331613,-0.0298522
0.00916667,0.000174533,-0.0383814
0.715,-0.0136136,-0.0362491
0.00916667,-0.000174533,-0.0319845
0.183333,0.00349066,-0.0447783
0.33,0.00628319,-0.0319845
0.174167,-0.00331613,-0.0341168
0.055,0.0010472,-0.0405137
1.14583,-0.0218166,-0.0362491
0.238333,-0.00453786,-0.042646
0.339167,-0.00645772,-0.0362491
0.128333,0.00244346,-0.0362491
0.3025,-0.00575959,-0.0405137
0.953333,-0.0181514,-0.0319845
0.339167,-0.00645772,-0.0447783
0.623333,-0.0118682,-0.0319845
0.339167,0.00645772,-0.0447783
0.22,0.00418879,-0.042646
0.0275,-0.000523599,-0.0319845
0.595833,0.0113446,-0.0383814
0.8525,-0.0162316,-0.0298522
0.11,0.0020944,-0.0469106
0.669167,-0.0127409,-0.0362491
0.4125,-0.00785398,-0.0511753
0.6325,-0.0120428,-0.042646
0.348333,0.00663225,-0.0469106
0.348333,0.00663225,-0.0469106
0.678333,-0.0129154,-0.049043
0.0916667,0.00174533,-0.0469106
0.1925,0.00366519,-0.042646
0.4675,0.00890118,-0.049043
1.03583,-0.0197222,-0.049043
0.916667,0.0174533,-0.049043
1.22833,-0.0233874,-0.0447783
0.513333,0.00977384,-0.0447783
1.2925,-0.0246091,-0.049043
1.09083,0.0207694,-0.049043
1.30167,-0.0247837,-0.0469106
0.485833,0.00925025,-0.0447783
1.33833,-0.0254818,-0.049043
1.14583,0.0218166,-0.0511753
0.99,-0.0188496,-0.0447783
0.540833,0.0102974,-0.049043
1.87,-0.0356047,-0.0447783
1.74167,0.0331613,-0.042646
1.74167,0.0331613,-0.042646
0.320833,-0.00610865,-0.0405137
0.9075,0.0172788,-0.049043
0.605,-0.0115192,-0.0447783
0.6875,-0.01309,-0.0447783
1.10917,-0.0211185,-0.042646
0.504167,0.00959931,-0.0469106
0.44,-0.00837758,-0.049043
0.531667,-0.0101229,-0.0533076
1.35667,0.0258309,-0.0447783
1.02667,-0.0195477,-0.0554399
1.85167,0.0352557,-0.0447783
1.98,0.0376991,-0.0511753
0.605,-0.0115192,-0.0469106
0.2475,0.00471239,-0.0533076
1.32,0.0251327,-0.0511753
1.52167,0.0289725,-0.0511753
1.44833,-0.0275762,-0.0469106
1.21917,0.0232129,-0.0511753
2.97917,-0.0567232,-0.0469106
1.87,0.0356047,-0.0533076
2.62167,-0.0499164,-0.0511753
2.62167,-0.0499164,-0.0511753
2.60333,-0.0495674,-0.049043
1.90667,0.0363028,-0.0447783
0.6325,0.0120428,-0.0533076
2.95167,-0.0561996,-0.0511753
1.925,0.0366519,-0.0255876
1.43917,-0.0274017,-0.0383814
0.843333,0.016057,-0.0277199
1.65,0.0314159,-0.0362491
1.79667,-0.0342085,-0.042646
2.64,0.0502655,-0.0511753
0.4125,0.00785398,-0.0511753
2.08083,0.039619,-0.0277199
1.25583,0.023911,-0.0298522
1.3475,0.0256563,0
0.531667,0.0101229,0
0.531667,0.0101229,0
0.623333,0.0118682,-0.0383814
0.861667,-0.0164061,-0.0277199
0.815833,0.0155334,-0.0319845
0.375833,-0.00715585,-0.0234553
0.623333,-0.0118682,-0.0362491
0.806667,0.0153589,-0.0341168
1.2925,-0.0246091,-0.0319845
0.174167,-0.00331613,-0.0405137
0.944167,0.0179769,-0.0319845
1.8975,-0.0361283,-0.00852921
0.11,-0.0020944,-0.0021323
0.0825,0.0015708,0
0.385,0.00733038,0
0.11,0.0020944,-0.0127938
0.11,0.0020944,-0.0127938
1.11833,-0.021293,-0.0191907
0.4675,-0.00890118,-0.0362491
2.3375,0.0445059,-0.0341168
0.256667,-0.00488692,-0.0277199
0.284167,0.00541052,-0.0341168
0.7975,-0.0151844,-0.0255876
0.7975,-0.0151844,-0.0255876
0.9075,0.0172788,-0.0383814
0.843333,0.016057,-0.0341168
0.6875,-0.01309,0
0,0,0
0,0,0
0,0,0
0,0,0
0,0,0
0,0,0
0,0,0
0,0,0
0,0,0
0,0,0
0,0,0
0,0,0
0,0,0
0,0,0
0,0,0
0,0,0
0,0,0
0,0,0
0,0,0
0,0,0
0,0,0
0,0,0
0,0,0
0,0,0
0,0,0
0,0,0
0,0,0
0,0,0
0,0,0
0,0,0
0,0,0
0,0,0
0,0,0
0,0,0
0,0,0
0,0,0
0,0,0
0,0,0
0,0,0
0,0,0
0,0,0
0,0,0
0,0,0
0,0,0
0,0,0
0,0,0
0,0,0
0,0,0
0,0,0
0,0,0
0,0,0
0,0,0
0,0,0
0,0,0
0,0,0
0,0,0
0,0,0
